EF_measure,Units.used.for.EF,EF_type,EF_UI,SE_UI,SS_UI,EF_I,SE_I,SS_I,Var,Dom_nat,Inv_sp,Study,SiteID,Year,Latitude,Longitude,Exp_obs,Ecosystem,Terr_aqu,Native_height,Inv_height,Native_woodiness,Inv_woodiness,Native_C3,Inv_C3
Soil % nitrogen,%,Soil Nitrogen,0.0521,NA,NA,0.1042,NA,NA,SE,Encelia farinosa,Pennisetum ciliare,Abella et al (2013),Abella et al (2013)a,2013,32.296745,-111.166626,Observational,Scrub,Terrestrial,0.9,0.5,1,0,1,0
Soil Nitrogen concentration,grams per kg of soil (0-5cm depth),Soil nitrogen,13.8,0.4,5,25.9,0.5,5,,Metrosideros polymorpha,Falcataria moluccana,Allison et al 2006,Allison et al 2006a,2006,19.44805556,-154.8611111,Observational,Forest,Terrestrial,22.5,30,1,1,1,1
Soil Phosphorus,grams per kilogram of soil (0-5cm),Soil phosphorus,0.84,0.03,5,0.98,0.02,5,,Metrosideros polymorpha,Falcataria moluccana,Allison et al 2006,Allison et al 2006a,2006,19.44805556,-154.8611111,Observational,Forest,Terrestrial,22.5,30,1,1,1,1
Soil nitrogen concentration,grams per kilogram of soil (0-5cm depth),Soil nitrogen,14.5,0.5,5,31.3,0.7,5,,Metrosideros polymorpha,Falcataria moluccana,Allison et al 2006,Allison et al 2006b,2006,19.41972222,-154.9538889,Observational,Forest,Terrestrial,22.5,30,1,1,1,1
Soil phophorus concentration,grams per kilogram of soil (0-5cm depth),Soil phosphorus,0.69,0.03,5,0.99,0.06,5,,Metrosideros polymorpha,Falcataria moluccana,Allison et al 2006,Allison et al 2006b,2006,19.41972222,-154.9538889,Observational,Forest,Terrestrial,22.5,30,1,1,1,1
Soil nitrogen concentration,grams per kilogram of soil (0-5cm depth),Soil nitrogen,21,0.9,5,23.9,2.5,5,,Metrosideros polymorpha,Falcataria moluccana,Allison et al 2006,Allison et al 2006c,2006,19.41972222,-154.9538889,Observational,Forest,Terrestrial,22.5,30,1,1,1,1
Soil phosphorus concentration,grams per kilogram of soil (0-5cm depth),Soil phosphorus,1,0.06,5,0.93,0.12,5,,Metrosideros polymorpha,Falcataria moluccana,Allison et al 2006,Allison et al 2006c,2006,19.41972222,-154.9538889,Observational,Forest,Terrestrial,22.5,30,1,1,1,1
soil organic matter,% soil organic matter (0-10cm),Soil carbon,1.98,0.554,5,2.85,0.881,5,,Eleocharis smallii,Typha x glauca,Angeloni et al 2006,Angeloni et al 2006a,2006,45.663007,-84.423323,Observational,Freshwater wetland,Aquatic,0.45,1.35,0,0,1,NA
Soil water content,% soil water content (0-10cm depth),Soil moisture,26.6,2.03,5,33.9,2.76,5,,Eleocharis smallii,Typha x glauca,Angeloni et al 2006,Angeloni et al 2006a,2006,45.663007,-84.423323,Observational,Freshwater wetland,Aquatic,0.45,1.35,0,0,1,NA
Aboveground plant biomass,grams per metre squared,Aboveground biomass,290,12.34952226,3,354.8,33.42858059,3,,Eleocharis smallii,Typha x glauca,Angeloni et al 2006,Angeloni et al 2006a,2006,45.663007,-84.423323,Observational,Freshwater wetland,Aquatic,0.45,1.35,0,0,1,NA
Total soluble nitrate in soil,micrograms per gram of soil (0-10cm depth),Soil nitrogen,0.37083,0.0969,5,0.65545,0.11637,5,,Eleocharis smallii,Typha x glauca,Angeloni et al 2006,Angeloni et al 2006a,2006,45.663007,-84.423323,Observational,Freshwater wetland,Aquatic,0.45,1.35,0,0,1,NA
Total soluable inorganic phosphate in soil,micrograms per gram of soil (0-10cm depth),Soil phosphorus,0.09931,0.02703,5,0.2146,0.0875,5,,Eleocharis smallii,Typha x glauca,Angeloni et al 2006,Angeloni et al 2006a,2006,45.663007,-84.423323,Observational,Freshwater wetland,Aquatic,0.45,1.35,0,0,1,NA
Soil humidity,%,Soil moisture,24.5707,1.4024,5,28.421,1.9802,5,NA,Cupania vernalis,Ligustrum lucidum,Aragón et al (2014),Aragón et al (2014)a,2014,27.16666667,-65.58333333,Observational,Forest,Terrestrial,22,10,1,1,NA,1
Inorganic nitrogen pools,micrograms of Nitrogen per gram of soil,Soil Nitrogen,4.35175,1.0032,25,6.06655,1.2829,25,,Styphelia tameiameiae,Melinis minutiflora,Asner at al (1996),Asner et al (1996)a,1996,21.125,-156.9583333,Observational,Scrub,Terrestrial,1.95,1.125,1,0,1,0
Soil moisture content,Percentage moisture content of soil fresh weight,Soil moisture,15,8,25,19,6,25,,Styphelia tameiameiae,Melinis minutiflora,Asner at al (1996),Asner et al (1996)a,1996,21.125,-156.9583333,Observational,Scrub,Terrestrial,1.95,1.125,1,0,1,0
Annual mean soil water nitrate concentration,mg nitrate per litre of water,Soil nitrogen,0.5217,0.2235,18,10.5466,4.6956,18,,Festuca ovina,Elaeagnus umbellata,Baer et al 2006,Baer et al 2006a,2006,37.69027778,-89.25388889,Observational,Grassland,Terrestrial,0.43,3.5,0,1,1,NA
Total inorganic N in soil,milligrams of nitrogen per metre squared,Soil Nitrogen,971.8446,222.4027,18,1753.5227,248.3531,18,,Festuca ovina,Elaeagnus umbellata,Baer et al 2006,Baer et al 2006a,2006,37.69027778,-89.25388889,Observational,Grassland,Terrestrial,0.43,3.5,0,1,1,NA
Total soil carbon,grams of carbon per metre squared (0-20cm depth),Soil carbon,3255.8,164.868766,12,3070.4,73.36818111,12,,Festuca ovina,Elaeagnus umbellata,Baer et al 2006,Baer et al 2006a,2006,37.69027778,-89.25388889,Observational,Grassland,Terrestrial,0.43,3.5,0,1,1,NA
Total soil nitrogen,grams of nitrogen per metre squared,Soil Nitrogen,344.1,8.08084154,12,347.9,6.66183158,12,,Festuca ovina,Elaeagnus umbellata,Baer et al 2006,Baer et al 2006a,2006,37.69027778,-89.25388889,Observational,Grassland,Terrestrial,0.43,3.5,0,1,1,NA
Soil phosphorus,parts per million of phosphorus in soil (0-10cm depth),Soil phosphorus,6.4,0.3,3,7,0.4,3,,Pleuraphis jamesii,Bromus tectorum,Belnap et al (2005),Belnap et al (2005)a,2005,38.24878,-109.873495,Observational,Grassland,Terrestrial,0.6,0.65,0,0,0,1
Organic matter,percentage soil organic matter,Soil carbon,0.9,0.1,3,1.3,0.1,3,,Pleuraphis jamesii,Bromus tectorum,Belnap et al (2005),Belnap et al (2005)a,2005,38.24878,-109.873495,Observational,Grassland,Terrestrial,0.6,0.65,0,0,0,1
Soil nitrogen,parts per million of nitrogen in soil (0-10cm depth),Soil Nitrogen,385,16,3,445,22,3,,Pleuraphis jamesii,Bromus tectorum,Belnap et al (2005),Belnap et al (2005)a,2005,38.24878,-109.873495,Observational,Grassland,Terrestrial,0.6,0.65,0,0,0,1
Soil ammonia,parts per million of ammonia in soil (0-10cm depth),Soil Nitrogen,9.5,0.8,3,12.2,4.2,3,,Pleuraphis jamesii,Bromus tectorum,Belnap et al (2005),Belnap et al (2005)a,2005,38.24878,-109.873495,Observational,Grassland,Terrestrial,0.6,0.65,0,0,0,1
Soil nitrate,parts per million of nitrate in soil (0-10cm depth),Soil Nitrogen,8.3,1.1,3,8.5,2.2,3,,Pleuraphis jamesii,Bromus tectorum,Belnap et al (2005),Belnap et al (2005)a,2005,38.24878,-109.873495,Observational,Grassland,Terrestrial,0.6,0.65,0,0,0,1
Soil Organic Carbon,,Soil carbon,6.625,0.690762461,3,5.325,0.058797686,3,,Carex lurida,Phalaris arundinacea,Bills et al (2011),Bills et al (2011)a,2011,39.279773,-86.573124,Observational,Freshwater wetland,Aquatic,1,2,0,0,1,1
Soil nitrogen content,,Soil Nitrogen,0.675,0.605185922,3,7.625,0.796476616,3,,Carex lurida,Phalaris arundinacea,Bills et al (2011),Bills et al (2011)a,2011,39.279773,-86.573124,Observational,Freshwater wetland,Aquatic,1,2,0,0,1,1
Soil nitrogen,%,Soil nitrogen,0.12,NA,6,0.18,NA,6,NA,Krascheninnikovia lanata,Bromus tectorum,Blank and Morgan (2013),Blank and Morgan (2013)a,2013,40.13888889,-120.0775,Observational,Scrub,Terrestrial,0.75,0.65,1,0,NA,1
Soil nitrogen,%,Soil nitrogen,0.16,NA,6,0.68,NA,6,NA,Krascheninnikovia lanata,Bromus tectorum,Blank and Morgan (2013),Blank and Morgan (2013)b,2013,40.13888889,-120.0775,Observational,Scrub,Terrestrial,0.75,0.65,1,0,NA,1
Soil nitrogen,mmol per kg,Soil nitrogen,0.83,NA,NA,1.51,NA,NA,SD,Krascheninnikovia lanata,Bromus tectorum,Blank and Morgan (2016),Blank and Morgan (2016)a,2016,40.13333333,-120.0666667,Observational,Scrub,Terrestrial,0.75,0.65,1,0,NA,1
Aboveground biomass,grams of biomass per metre squared,Aboveground biomass,147.8012,24.7796,5,214.8749,22.9445,5,,Krascheninnikovia lanata,Bromus tectorum,Blank et al 2008,Blank et al 2008a,2008,40.13633333,-120.0731667,Observational,Scrub,Terrestrial,0.75,0.65,1,0,NA,1
Total organic carbon,grams per kg of soil (0-5cm depth),Soil carbon,488.8,10.6,4,514.2,14,4,SD,Quercus robur,Quercus rubra,Bonifacio et al (2015),Bonifacio et al (2015)a,2015,45.14689,7.600758,Observational,Forest,Terrestrial,30,28,1,1,1,1
Total nitrogen ,grams per kg of soil (0-5cm depth),Soil nitrogen,10.8,0.9,4,14.6,1.2,4,,Quercus robur,Quercus rubra,Bonifacio et al (2015),Bonifacio et al (2015)a,2015,45.14689,7.600758,Observational,Forest,Terrestrial,30,28,1,1,1,1
Aboveground carbon storage,grams of carbon per metre squared,Aboveground biomass,340,145,10,96,26,10,,Artemisia tridentata,Bromus tectorum,Bradley et al 2006,Bradley et al 2006b,2006,41,-117.58,Observational,Scrub,Terrestrial,1.75,0.65,1,0,1,1
Carbon concentration of soil,Percentage carbon concentration (0-10cm),Soil carbon,1.03,0.037,40,1.37,0.04,40,,Artemisia tridentata,Bromus tectorum,Bradley et al 2006,Bradley et al 2006b,2006,41,-117.58,Observational,Scrub,Terrestrial,1.75,0.65,1,0,1,1
Aboveground carbon storage,grams of carbon per metre squared,Aboveground biomass,670,290,10,22,2,10,,Artemisia tridentata,Bromus tectorum,Bradley et al 2006,Bradley et al 2006c,2006,40.99,-117.86,Observational,Scrub,Terrestrial,1.75,0.65,1,0,1,1
Carbon concentration of soil,Percentage carbon content of soil (0-10cm depth),Soil carbon,0.85,0.034,40,0.8,0.034,40,,Artemisia tridentata,Bromus tectorum,Bradley et al 2006,Bradley et al 2006c,2006,40.99,-117.86,Observational,Scrub,Terrestrial,1.75,0.65,1,0,1,1
Aboveground carbon storage,grams of carbon per metre squared,Aboveground biomass,160,49,10,48,6,10,,Atriplex confertifolia,Bromus tectorum,Bradley et al 2006,Bradley et al 2006a,2006,40.57,-118.34,Observational,Scrub,Terrestrial,0.6,0.65,1,0,0,1
Carbon concentration,% carbon content of soil (0-10cm depth),Soil carbon,0.44,0.013,40,0.48,0.022,40,,Atriplex confertifolia,Bromus tectorum,Bradley et al 2006,Bradley et al 2006a,2006,40.57,-118.34,Observational,Scrub,Terrestrial,0.6,0.65,1,0,0,1
Runoff water nitrogen,%,Soil nitrogen,5.3,0.88,3,11.3,1.45,3,SD,Salix caprea,Robinia pseudoacacia,Buzhdygan et al (2015),Buzhdygan et al (2015)a,2015,40.28319444,26.13686111,Observational,Forest,Terrestrial,9,25,1,1,1,1
Runoff water nitrogen,%,Soil nitrogen,5.44,0.26,3,5.58,0.24,3,SD,Salix caprea,Robinia pseudoacacia,Buzhdygan et al (2015),Buzhdygan et al (2015)a,2015,40.28319444,26.13686111,Observational,Forest,Terrestrial,9,25,1,1,1,1
Soil moisture percentage,Percent soil moisture,Soil moisture,24.73333333,4.550549417,4,21.8,3.990927211,4,,Ulmus minor,Alianthus altissima,Castro Diez et al 2009,Castro Diez et al 2009a,2009,40.56666667,-3.2,Observational,Forest,Terrestrial,30,22,1,1,1,1
Organic matter,Soil percentage organic matter,Soil carbon,5.2,2.169677395,4,4.833333333,1.926136028,4,,Ulmus minor,Alianthus altissima,Castro Diez et al 2009,Castro Diez et al 2009a,2009,40.56666667,-3.2,Observational,Forest,Terrestrial,30,22,1,1,1,1
Soil nitrate pool,micrograms of nitrate per gram of soil,Soil Nitrogen,28.9449,2.677699189,4,28.18046667,3.91183806,4,,Ulmus minor,Alianthus altissima,Castro Diez et al 2009,Castro Diez et al 2009a,2009,40.56666667,-3.2,Observational,Forest,Terrestrial,30,22,1,1,1,1
Soil ammonia pool,micrograms of ammonia per gram of soil,Soil Nitrogen,22.42753333,1.32868366,4,19.49266667,1.289635253,4,,Ulmus minor,Alianthus altissima,Castro Diez et al 2009,Castro Diez et al 2009a,2009,40.56666667,-3.2,Observational,Forest,Terrestrial,30,22,1,1,1,1
Soil total mineral nitrogen pool,micrograms of mineralised nitrogen per gram of soil,Soil Nitrogen,50.81766667,4.382066332,4,48.45423333,3.250781853,4,,Ulmus minor,Alianthus altissima,Castro Diez et al 2009,Castro Diez et al 2009a,2009,40.56666667,-3.2,Observational,Forest,Terrestrial,30,22,1,1,1,1
Soil nitrate availability,micrograms of available nitrate per cm squared of soil,Soil Nitrogen,1.404666667,0.104109805,4,1.5073,0.117675975,4,,Ulmus minor,Alianthus altissima,Castro Diez et al 2009,Castro Diez et al 2009a,2009,40.56666667,-3.2,Observational,Forest,Terrestrial,30,22,1,1,1,1
Soil ammonia availability,micrograms of available ammonia per cm squared of soil,Soil Nitrogen,0.123566667,0.007051618,4,0.164266667,0.007527471,4,,Ulmus minor,Alianthus altissima,Castro Diez et al 2009,Castro Diez et al 2009a,2009,40.56666667,-3.2,Observational,Forest,Terrestrial,30,22,1,1,1,1
Soil total mineral nitrogen availability,micrograms of nitrogen per cm squared of soil,Soil Nitrogen,1.495366667,0.114974007,4,1.596533333,0.128132377,4,,Ulmus minor,Alianthus altissima,Castro Diez et al 2009,Castro Diez et al 2009a,2009,40.56666667,-3.2,Observational,Forest,Terrestrial,30,22,1,1,1,1
Soil moisture,Percentage soil moisture,Soil moisture,23,1.809696107,4,18.7,2.316246964,4,,Fraxinus angustifolia,Robinia pseudoacacia,Castro Diez et al 2009,Casto Diez et al 2009b,2009,40.56666667,-3.2,Observational,Forest,Terrestrial,25,25,1,1,1,1
Soil organic matter,Percentage soil organic matter,Soil carbon,4.333333333,0.524404424,4,4.3,0.806225775,4,,Fraxinus angustifolia,Robinia pseudoacacia,Castro Diez et al 2009,Casto Diez et al 2009b,2009,40.56666667,-3.2,Observational,Forest,Terrestrial,25,25,1,1,1,1
Soil nitrate pool,micrograms of nitrate per gram of soil,Soil Nitrogen,18.8896,1.390717276,4,31.02166667,1.484925047,4,,Fraxinus angustifolia,Robinia pseudoacacia,Castro Diez et al 2009,Casto Diez et al 2009b,2009,40.56666667,-3.2,Observational,Forest,Terrestrial,25,25,1,1,1,1
Soil ammonia pool,micrograms of ammonia per gram of soil,Soil Nitrogen,20.0727,1.272959731,4,18.04346667,1.186430906,4,,Fraxinus angustifolia,Robinia pseudoacacia,Castro Diez et al 2009,Casto Diez et al 2009b,2009,40.56666667,-3.2,Observational,Forest,Terrestrial,25,25,1,1,1,1
Soil total mineral nitrogen pool,micrograms of mineralised nitrogen per gram of soil,Soil Nitrogen,39.89796667,1.798849163,4,42.80706667,3.646827789,4,,Fraxinus angustifolia,Robinia pseudoacacia,Castro Diez et al 2009,Casto Diez et al 2009b,2009,40.56666667,-3.2,Observational,Forest,Terrestrial,25,25,1,1,1,1
Soil nitrate availability,micrograms of available nitrate per cm squared of soil,Soil Nitrogen,1.3256,0.133030596,4,1.432266667,0.117100371,4,,Fraxinus angustifolia,Robinia pseudoacacia,Castro Diez et al 2009,Casto Diez et al 2009b,2009,40.56666667,-3.2,Observational,Forest,Terrestrial,25,25,1,1,1,1
Soil ammonia availability,micrograms of available ammonia per cm squared of soil,Soil Nitrogen,0.123266667,0.007558635,4,0.147233333,0.013011737,4,,Fraxinus angustifolia,Robinia pseudoacacia,Castro Diez et al 2009,Casto Diez et al 2009b,2009,40.56666667,-3.2,Observational,Forest,Terrestrial,25,25,1,1,1,1
Soil total mineral nitrogen availability,micrograms of nitrogen per cm squared of soil,Soil Nitrogen,1.253733333,0.114846787,4,1.4928,0.109514821,4,,Fraxinus angustifolia,Robinia pseudoacacia,Castro Diez et al 2009,Casto Diez et al 2009b,2009,40.56666667,-3.2,Observational,Forest,Terrestrial,25,25,1,1,1,1
Soil phosphorus,,Soil phosphorus,18.5,4.313351365,8,23.7,5.868986284,8,,Propsopis juliflora,Kalanchoe daigremontiana,Chacon et al (2009),Chacon et al (2009)a,2009,10.12,-69.7,Observational,Forest,Terrestrial,12,1,1,0,0,0
Soil Organic carbon,,Soil carbon,2.5,0.070710678,8,2.9,0.106066017,8,,Propsopis juliflora,Kalanchoe daigremontiana,Chacon et al (2009),Chacon et al (2009)a,2009,10.12,-69.7,Observational,Forest,Terrestrial,12,1,1,0,0,0
Soil total nitrogen,,Soil Nitrogen,0.19,0.007071068,8,0.15,0.007071068,8,,Propsopis juliflora,Kalanchoe daigremontiana,Chacon et al (2009),Chacon et al (2009)a,2009,10.12,-69.7,Observational,Forest,Terrestrial,12,1,1,0,0,0
Belowground biomass,,Belowground biomass,246,35.35533906,8,180,9.192388155,8,,Propsopis juliflora,Kalanchoe daigremontiana,Chacon et al (2009),Chacon et al (2009)a,2009,10.12,-69.7,Observational,Forest,Terrestrial,12,1,1,0,0,0
Soil Organic carbon,,Soil carbon,1.6,0.106066017,8,2,0.070710678,8,,Opuntia caracassana,Stapelia gigantea,Chacon et al (2009),Chacon et al (2009)b,2009,10.12,-69.7,Observational,Scrub,Terrestrial,1.5,0.2,0,0,NA,NA
Soil total nitrogen,,Soil Nitrogen,0.14,0.010606602,8,0.15,0.010606602,8,,Opuntia caracassana,Stapelia gigantea,Chacon et al (2009),Chacon et al (2009)b,2009,10.12,-69.7,Observational,Scrub,Terrestrial,1.5,0.2,0,0,NA,NA
Soil phosphorus,,Soil phosphorus,16.8,4.384062043,8,19.7,6.470027048,8,,Opuntia caracassana,Stapelia gigantea,Chacon et al (2009),Chacon et al (2009)b,2009,10.12,-69.7,Observational,Scrub,Terrestrial,1.5,0.2,0,0,NA,NA
Belowground biomass,,Belowground biomass,286,39.59797975,8,500,47.72970773,8,,Opuntia caracassana,Stapelia gigantea,Chacon et al (2009),Chacon et al (2009)b,2009,10.12,-69.7,Observational,Scrub,Terrestrial,1.5,0.2,0,0,NA,NA
Total soil carbon,Percentage of soil carbon in soil (0-10cm depth),Soil carbon,3.01,0.326598632,6,3.91,0.367423461,6,,Dactylis glomerata,Solidago gigantea,Chapuis-Lardy et al 2006,Chapuis-Lardy et al 2006a,2006,50.85,4.416667,Observational,Wasteland,Terrestrial,0.8,2,0,0,1,1
Total soil nitrogen,Percentage soil nitrogen (0-10cm depth),Soil Nitrogen,0.17,0.020412415,6,0.22,0.016329932,6,,Dactylis glomerata,Solidago gigantea,Chapuis-Lardy et al 2006,Chapuis-Lardy et al 2006a,2006,50.85,4.416667,Observational,Wasteland,Terrestrial,0.8,2,0,0,1,1
Biomass,grams of dry matter per metre squared,Aboveground biomass,357,43.68256708,6,917,62.05374015,6,,Dactylis glomerata,Solidago gigantea,Chapuis-Lardy et al 2006,Chapuis-Lardy et al 2006a,2006,50.85,4.416667,Observational,Wasteland,Terrestrial,0.8,2,0,0,1,1
Total soil carbon,Percentage of soil carbon in soil (0-10cm depth),Soil carbon,1.48,0.065319726,6,1.8,0.220454077,6,,Agrostis stolonifera,Solidago gigantea,Chapuis-Lardy et al 2006,Chapuis-Lardy et al 2006b,2006,50.865778,4.469376,Observational,Grassland,Terrestrial,0.7,2,0,0,1,1
Total soil nitrogen,Percentage soil nitrogen (0-10cm depth),Soil Nitrogen,0.14,0.004082483,6,0.15,0.008164966,6,,Agrostis stolonifera,Solidago gigantea,Chapuis-Lardy et al 2006,Chapuis-Lardy et al 2006b,2006,50.865778,4.469376,Observational,Grassland,Terrestrial,0.7,2,0,0,1,1
Biomass,grams of dry matter per metre squared,Aboveground biomass,252,51.4392846,6,891,41.64132563,6,,Agrostis stolonifera,Solidago gigantea,Chapuis-Lardy et al 2006,Chapuis-Lardy et al 2006b,2006,50.865778,4.469376,Observational,Grassland,Terrestrial,0.7,2,0,0,1,1
Total soil carbon,Percentage of soil carbon in soil (0-10cm depth),Soil carbon,9.36,0.530722778,6,8.51,0.493980431,6,,Calamagrostis epigejos,Solidago gigantea,Chapuis-Lardy et al 2006,Chapuis-Lardy et al 2006c,2006,50.453569,3.819122,Observational,Grassland,Terrestrial,1.3,2,0,0,1,1
Total soil nitrogen,Percentage soil nitrogen (0-10cm depth),Soil Nitrogen,0.36,0.020412415,6,0.36,0.020412415,6,,Calamagrostis epigejos,Solidago gigantea,Chapuis-Lardy et al 2006,Chapuis-Lardy et al 2006c,2006,50.453569,3.819122,Observational,Grassland,Terrestrial,1.3,2,0,0,1,1
Biomass,grams of dry matter per metre squared,Aboveground biomass,438,69.81045767,6,760,69.40220938,6,,Calamagrostis epigejos,Solidago gigantea,Chapuis-Lardy et al 2006,Chapuis-Lardy et al 2006c,2006,50.453569,3.819122,Observational,Grassland,Terrestrial,1.3,2,0,0,1,1
Root biomass,kg per metre cubed,Belowground biomass,1.5483,0.1821,3,0.674,0.1457,3,SD,Kandelia obovata,Spartina alterniflor,Chen et al. (2015),Chen et al. (2015)a,2015,24.38333333,117.9,Observational,Coastal marsh,Aquatic,3,1.35,1,0,NA,0
Root biomass,kg per metre cubed,Belowground biomass,0.8197,0.1457,3,0.674,0.1457,3,SD,Cyperus malaccensis,Spartina alterniflor,Chen et al. (2015),Chen et al. (2015)b,2015,24.38333333,117.9,Observational,Coastal marsh,Aquatic,1,1.35,0,0,0,0
Total organic carbon,mg per gram of soil,Soil carbon,15.1708,2.676,3,20.9529,0.4807,3,SD,Kandelia obovata,Spartina alterniflor,Chen et al. (2015),Chen et al. (2015)a,2015,24.38333333,117.9,Observational,Coastal marsh,Aquatic,3,1.35,1,0,NA,0
Total organic carbon,mg per gram of soil,Soil carbon,13.4682,2.1955,3,20.9529,0.4807,3,SD,Cyperus malaccensis,Spartina alterniflor,Chen et al. (2015),Chen et al. (2015)b,2015,24.38333333,117.9,Observational,Coastal marsh,Aquatic,1,1.35,0,0,0,0
Soil No3,micrograms per gram of soil,Soil nitrogen,0.461,0.0717,3,0.431,0.1331,3,SD,Kandelia obovata,Spartina alterniflor,Chen et al. (2015),Chen et al. (2015)a,2015,24.38333333,117.9,Observational,Coastal marsh,Aquatic,3,1.35,1,0,NA,0
Soil No3,micrograms per gram of soil,Soil nitrogen,0.5817,0.0768,3,0.431,0.1331,3,SD,Cyperus malaccensis,Spartina alterniflor,Chen et al. (2015),Chen et al. (2015)b,2015,24.38333333,117.9,Observational,Coastal marsh,Aquatic,1,1.35,0,0,0,0
Soil NH4,micrograms per gram of soil,Soil nitrogen,4.3921,0.3596,3,2.1832,0.6165,3,SD,Kandelia obovata,Spartina alterniflor,Chen et al. (2015),Chen et al. (2015)a,2015,24.38333333,117.9,Observational,Coastal marsh,Aquatic,3,1.35,1,0,NA,0
Soil NH4,micrograms per gram of soil,Soil nitrogen,1.464,0.1541,3,2.1832,0.6165,3,SE,Cyperus malaccensis,Spartina alterniflor,Chen et al. (2015),Chen et al. (2015)b,2015,24.38333333,117.9,Observational,Coastal marsh,Aquatic,1,1.35,0,0,0,0
Aboveground biomass,,Aboveground biomass,1941.80858,131.92386,3,2405.3246,184.64098,3,,Phragmites australis,Spartina alterniflora,Cheng et al (2007),Cheng et al (2007)a,2007,31.15,122,Experimental,Freshwater wetland,Aquatic,2,1.35,0,0,1,0
Belowground biomass,,Belowground biomass,317.9285,89.20162,3,953.50408,95.16836,3,,Phragmites australis,Spartina alterniflora,Cheng et al (2007),Cheng et al (2007)a,2007,31.15,122,Experimental,Freshwater wetland,Aquatic,2,1.35,0,0,1,0
Soil carbon content,,Soil carbon,3.453883333,0.313166478,6,4.948516667,0.34459668,6,,Scirpus mariqueter,Spartina alterniflora,Cheng et al (2010),Cheng et al (2009)a,2010,31.15,122,Observational,Freshwater wetland,Aquatic,1.65,1.35,0,0,NA,0
Soil Water content,,Soil moisture,33.92985,0.787423882,6,38.238,0.817667905,6,,Scirpus mariqueter,Spartina alterniflora,Cheng et al (2010),Cheng et al (2009)a,2010,31.15,122,Observational,Freshwater wetland,Aquatic,1.65,1.35,0,0,NA,0
Aboveground biomass,,Aboveground biomass,42.0435,12.3299,5,69.75,15.27665,5,,Bouteloua gracialis,Agropyron cristatum,Christian et al (1999),Christian et al (1999)a,1999,49.36666667,-107.8833333,Observational,Grassland,Terrestrial,0.225,0.4,0,0,0,1
Belowground biomass,,Belowground biomass,550.2045,265.7428,5,115.03705,112.2513,5,,Bouteloua gracialis,Agropyron cristatum,Christian et al (1999),Christian et al (1999)a,1999,49.36666667,-107.8833333,Observational,Grassland,Terrestrial,0.225,0.4,0,0,0,1
Available soil nitrogen,,Soil Nitrogen,1.8406,0.584266667,5,0.9986,0.294666667,5,,Bouteloua gracialis,Agropyron cristatum,Christian et al (1999),Christian et al (1999)a,1999,49.36666667,-107.8833333,Observational,Grassland,Terrestrial,0.225,0.4,0,0,0,1
Total soil carbon,,Soil carbon,2.1788,0.1911,5,1.5777,0.1367,5,,Bouteloua gracialis,Agropyron cristatum,Christian et al (1999),Christian et al (1999)a,1999,49.36666667,-107.8833333,Observational,Grassland,Terrestrial,0.225,0.4,0,0,0,1
Total soil nitrogen,,Soil Nitrogen,0.204,0.0261,5,0.1532,0.0151,5,,Bouteloua gracialis,Agropyron cristatum,Christian et al (1999),Christian et al (1999)a,1999,49.36666667,-107.8833333,Observational,Grassland,Terrestrial,0.225,0.4,0,0,0,1
Annual evapotranspiration,Centimetres per year,Water supply,125,3.209361307,5,103.5,8.645808233,4,,Populus deltoides,Tamarix chinensis,Cleverly et al (2006),Cleverly et al (2006)a,2006,34.662837,-106.776416,Observational,Forest,Terrestrial,30,6,1,1,1,1
Annual evapotranspiration,Centimetres per year,Water supply,107.75,6.574889099,4,107,5.787918451,5,,Populus deltoides,Tamarix chinensis,Cleverly et al (2006),Cleverly et al (2006)b,2006,34.662837,-106.776416,Observational,Forest,Terrestrial,30,6,1,1,1,1
Groundwater depth,centimetres,Water supply,148.6,10.77806414,5,332.6,23.5894044,5,,Populus deltoides,Tamarix chinensis,Cleverly et al (2006),Cleverly et al (2006)b,2006,34.95888889,-106.6997222,Observational,Forest,Terrestrial,30,6,1,1,1,1
Annual evapotranspiration,Centimetres per year,Water supply,125,3.209361307,5,103.5,8.645808233,4,,Populus deltoides,Tamarix chinensis,Cleverly et al (2006),Cleverly et al (2006)b,2006,34.95888889,-106.6997222,Observational,Forest,Terrestrial,30,6,1,1,1,1
Soil organic matter,%,Soil carbon,7.1,1,10,5.9,0.4,10,SD,Trifolium repens,Ailanthus altissima,Constan-Nava et al. 2015,Constan-Nava et al. 2015a,2015,38.67944444,0.521944444,Observational,Forest,Terrestrial,0.07,22,0,1,1,1
Total soil nitrogen,Percentage soil nitrogen (0-20cm),Soil nitrogen,0.214,0.01,4,0.1237,0.0046,4,,Festuca arundinacea,Cortaderia selloana,Domenech et al 2006,Domenech et al 2006a,2006,42.22302,3.085184,Observational,Grassland,Terrestrial,1.125,3,0,0,1,1
Total soil nitrogen,Percentage soil nitrogen (0-20cm),Soil nitrogen,0.1347,0.0064,4,0.1228,0.0082,4,,Festuca arundinacea,Cortaderia selloana,Domenech et al 2006,Domenech et al 2006b,2006,42.22302,3.085184,Observational,Grassland,Terrestrial,1.125,3,0,0,1,1
Total soil nitrogen,Percentage soil nitrogen (0-20cm),Soil nitrogen,0.1429,0.0059,4,0.1209,0.0038,4,,Festuca arundinacea,Cortaderia selloana,Domenech et al 2006,Domenech et al 2006c,2006,42.22302,3.085184,Observational,Grassland,Terrestrial,1.125,3,0,0,1,1
Total soil nitrogen,Percentage soil nitrogen (0-20cm),Soil nitrogen,0.1903,0.0036,4,0.1734,0.0155,4,,Festuca arundinacea,Cortaderia selloana,Domenech et al 2006,Domenech et al 2006d,2006,42.22302,3.085184,Observational,Grassland,Terrestrial,1.125,3,0,0,1,1
Aboveground biomass,tonnes per hectare of biomass,Aboveground biomass,1.7,0.1,3,8.6,1,3,,Themeda trianda,Pennisetum polystachion,Douglas et al 2004,Douglas et al 2004a,2004,-13.15,130.65,Observational,Forest,Terrestrial,1.5,1.65,0,0,0,0
Nitrate availability,nanograms per gram of resin per day,Soil nitrogen,81.2,1.7,5,71.8,2.3,5,,Themeda trianda,Pennisetum polystachion,Douglas et al 2004,Douglas et al 2004a,2004,-13.15,130.65,Observational,Forest,Terrestrial,1.5,1.65,0,0,0,0
Extractable NH4,mg of nitrogen per kilogram of soil,Soil Nitrogen,6.4541,5.999233939,9,3.4588,3.336087401,9,,Vaccinium pallidum,Berberis thunbergii,Ehrenfeld et al (2001),Ehrenfeld et al (2001)a,2001,40.764845,-74.531681,Observational,Forest,Terrestrial,0.37,1.55,1,1,1,1
Extractable NO3,milligrams of Nitrogen per kilogram of soil,Soil Nitrogen,0.0905,0.134263072,9,3.0086,2.828943606,9,,Vaccinium pallidum,Berberis thunbergii,Ehrenfeld et al (2001),Ehrenfeld et al (2001)a,2001,40.764845,-74.531681,Observational,Forest,Terrestrial,0.37,1.55,1,1,1,1
Extractable NH4,mg of nitrogen per kilogram of soil,Soil Nitrogen,4.65185,3.933139291,9,11.3106,10.3132729,9,,Vaccinium pallidum,Berberis thunbergii,Ehrenfeld et al (2001),Ehrenfeld et al (2001)b,2001,41.0005,-75.090315,Observational,Forest,Terrestrial,0.37,1.55,1,1,1,1
Extractable NO3,milligrams of Nitrogen per Kg soil,Soil Nitrogen,0.2911,0.305736508,9,1.01625,0.924298223,9,,Vaccinium pallidum,Berberis thunbergii,Ehrenfeld et al (2001),Ehrenfeld et al (2001)b,2001,41.0005,-75.090315,Observational,Forest,Terrestrial,0.37,1.55,1,1,1,1
Extractable NH4,milligrams of Nitrogen per kilogram of soil,Soil Nitrogen,1.8468,1.555684856,9,3.0593,2.602428109,9,,Vaccinium pallidum,Berberis thunbergii,Ehrenfeld et al (2001),Ehrenfeld et al (2001)c,2001,40.958382,-74.746874,Observational,Forest,Terrestrial,0.37,1.55,1,1,1,1
Extractable NO3,milligrams of N per kilogram of soil,Soil Nitrogen,0.1036,0.105310446,9,0.1991,0.201642288,9,,Vaccinium pallidum,Berberis thunbergii,Ehrenfeld et al (2001),Ehrenfeld et al (2001)c,2001,40.958382,-74.746874,Observational,Forest,Terrestrial,0.37,1.55,1,1,1,1
Soil organic matter,,Soil carbon,2.72,0.04,4,3.12,0.02,4,,Paspulum conjugatum,Lantana camara,Fan et al (2010),Fan et al (2010)a,2010,23.66631667,113.1498667,Observational,Scrub,Terrestrial,0.3,2,0,1,0,1
Total N,,Soil nitrogen,0.94,0.06,4,1.12,0.03,4,,Paspulum conjugatum,Lantana camara,Fan et al (2010),Fan et al (2010)a,2010,23.66631667,113.1498667,Observational,Scrub,Terrestrial,0.3,2,0,1,0,1
Available N,,Soil nitrogen,23.9,1.75,4,62.55,7.35,4,,Paspulum conjugatum,Lantana camara,Fan et al (2010),Fan et al (2010)a,2010,23.66631667,113.1498667,Observational,Scrub,Terrestrial,0.3,2,0,1,0,1
Standing water ammonia,milligrams of ammonia per litre of standing water,Soil nitrogen,0.4808,0.058716049,5,0.23805,0.083219075,5,,Typha latifolia,Lythrum salicaria,Fickbohm et al 2006,Fickbohm et al 2006a,2006,43,-76.75,Observational,Freshwater wetland,Aquatic,2.25,1.5,0,0,1,1
Sediment extractable ammonium,milligrams of ammonia per metre squared of sediment,Soil nitrogen,315.8515667,101.7792373,5,441.3736333,38.76542886,5,,Typha latifolia,Lythrum salicaria,Fickbohm et al 2006,Fickbohm et al 2006a,2006,43,-76.75,Observational,Freshwater wetland,Aquatic,2.25,1.5,0,0,1,1
Sediment extractable nitrate,milligrams of nitrate per metre squared of sediment,Soil nitrogen,71.28053333,8.584433333,5,41.575,8.5837,5,,Typha latifolia,Lythrum salicaria,Fickbohm et al 2006,Fickbohm et al 2006a,2006,43,-76.75,Observational,Freshwater wetland,Aquatic,2.25,1.5,0,0,1,1
Aboveground biomass,,Aboveground biomass,1.93,0.13,5,1.47,0.04,5,,Typha latifolia,Lythrum salicaria,Fickbohm et al 2006,Fickbohm et al 2006a,2006,43,-76.75,Observational,Freshwater wetland,Aquatic,2.25,1.5,0,0,1,1
Aboveground biomass,grams per metre squared,Aboveground biomass,420.29974,123.8713822,10,593.54903,130.2401252,10,SD,Pascopyrum smithii,Bromus inermis,Fink and Wilson (2011),Fink and Wilson (2011)a,2011,49.06833333,-106.5308056,Observational,Grassland,Terrestrial,0.6,0.685,0,0,1,1
Belowground biomass,grams per metre squared,Belowground biomass,1027.50664,916.4859318,10,999.390525,542.9654238,10,SD,Pascopyrum smithii,Bromus inermis,Fink and Wilson (2011),Fink and Wilson (2011)a,2011,49.06833333,-106.5308056,Observational,Grassland,Terrestrial,0.6,0.685,0,0,1,1
Relative soil moisture,,Soil moisture,0.26476,0.142635107,10,0.158416667,0.050227698,10,SD,Pascopyrum smithii,Bromus inermis,Fink and Wilson (2011),Fink and Wilson (2011)a,2011,49.06833333,-106.5308056,Observational,Grassland,Terrestrial,0.6,0.685,0,0,1,1
Soil organic carbon,miligrams of organic carbon per gram of soil (0-5cm depth),Soil carbon,9.45,0.35,20,9.22,0.39,20,,Banksia menziesii,Ehrharta calycina,Fisher et al 2006,Fisher et al 2006a,2006,-31.947447,115.781136,Observational,Forest,Terrestrial,10,0.5,1,0,1,1
Total soil phophorus,milligrams of phosphorus per kilogram of soil (0-5cm depth),Soil phosphorus,26.2,0.9,10,33.8,1.8,10,,Banksia menziesii,Ehrharta calycina,Fisher et al 2006,Fisher et al 2006a,2006,-31.947447,115.781136,Observational,Forest,Terrestrial,10,0.5,1,0,1,1
Total soil nitrogen,milligrams of nitrogen per kilogram of soil (0-5cm depth),Soil nitrogen,468,19,20,483,24,20,,Banksia menziesii,Ehrharta calycina,Fisher et al 2006,Fisher et al 2006a,2006,-31.947447,115.781136,Observational,Forest,Terrestrial,10,0.5,1,0,1,1
Soil organic carbon,milligrams of organic carbon per gram of soil (0-5cm depth),Soil carbon,9.45,0.35,20,11.8,0.6,20,,Banksia menziesii,Pelargonium capitatum,Fisher et al 2006,Fisher et al 2006b,2006,-31.947556,115.78105,Observational,Forest,Terrestrial,10,1,1,0,1,NA
Total soil nitrogen,milligrams of nitrogen per kilogram of soil (0-5cm depth),Soil nitrogen,468,19,20,609,40,20,,Banksia menziesii,Pelargonium capitatum,Fisher et al 2006,Fisher et al 2006b,2006,-31.947556,115.78105,Observational,Forest,Terrestrial,10,1,1,0,1,NA
Soil water content,,Soil moisture,9.32,0.73,24,6.4,0.54,24,,Festuca campestris,Centaurea stoebe,Fraser et al (2011),Fraser et al (2011)a,2011,50.75579,-120.465775,Observational,Grassland,Terrestrial,0.8,0.9,0,0,1,1
Soil carbon,,Soil carbon,7.13,0.23,24,5.05,0.31,24,,Festuca campestris,Centaurea stoebe,Fraser et al (2011),Fraser et al (2011)a,2011,50.75579,-120.465775,Observational,Grassland,Terrestrial,0.8,0.9,0,0,1,1
Soil nitrogen,,Soil nitrogen,0.41,0.03,24,0.25,0.02,24,,Festuca campestris,Centaurea stoebe,Fraser et al (2011),Fraser et al (2011)a,2011,50.75579,-120.465775,Observational,Grassland,Terrestrial,0.8,0.9,0,0,1,1
Soil phosphate,,Soil phosphorus,5.2,0.32,24,12.64,1.13,24,,Festuca campestris,Centaurea stoebe,Fraser et al (2011),Fraser et al (2011)a,2011,50.75579,-120.465775,Observational,Grassland,Terrestrial,0.8,0.9,0,0,1,1
Biomass,,Aboveground biomass,64.5,4.82,24,71.59,4.82,24,,Festuca campestris,Centaurea stoebe,Fraser et al (2011),Fraser et al (2011)a,2011,50.75579,-120.465775,Observational,Grassland,Terrestrial,0.8,0.9,0,0,1,1
Soil moisture,Percentage soil moisture (0-10cm depth),Soil moisture,71,2,4,67,2,4,,Metrosideros polymorpha,Hedychium gardnerianum,Funk 2005,Funk 2005a,2005,19.41666667,-155.25,Observational,Forest,Terrestrial,22.5,2.4,1,0,1,1
Soil inorganic nitrogen,micrograms of nitrogen per gram of soil (0-10cm depth),Soil nitrogen,2.1,0.7,4,2.4,0.3,4,,Metrosideros polymorpha,Hedychium gardnerianum,Funk 2005,Funk 2005a,2005,19.41666667,-155.25,Observational,Forest,Terrestrial,22.5,2.4,1,0,1,1
Soil nitrogen,mg per kg of soil,Soil nitrogen,1648.9,226,3,1543.4,407,3,SD,Euclea racemosa,Pennisetum clandestinum,Gaertner et al. (2011),Gaertner et al. (2011)a,2011,-34.5483,19.46143611,Observational,Scrub,Terrestrial,6.9,0.15,1,0,1,0
Soil nitrogen,mg per kg of soil,Soil nitrogen,2082.3,345.8,3,4125.926,529.4,3,SD,Ficinia sp.,Acacia saligna,Gaertner et al. (2011),Gaertner et al. (2011)b,2011,-34.5483,19.46143611,Observational,Scrub,Terrestrial,0.580407666,4,0,1,NA,1
Soil Phosphorus,mg per kg of soil,Soil phosphorus,21.7,1.23,3,22.7,3.25,3,SD,Euclea racemosa,Pennisetum clandestinum,Gaertner et al. (2011),Gaertner et al. (2011)a,2011,-34.5483,19.46143611,Observational,Scrub,Terrestrial,6.9,0.15,1,0,1,0
Soil Phosphorus,mg per kg of soil,Soil phosphorus,11.3,1.36,3,13.8,1.87,3,SD,Ficinia sp.,Acacia saligna,Gaertner et al. (2011),Gaertner et al. (2011)b,2011,-34.5483,19.46143611,Observational,Scrub,Terrestrial,0.580407666,4,0,1,NA,1
Soil carbon,mg per kg of soil,Soil carbon,20427,3233,3,16333,5669,3,SD,Euclea racemosa,Pennisetum clandestinum,Gaertner et al. (2011),Gaertner et al. (2011)a,2011,-34.5483,19.46143611,Observational,Scrub,Terrestrial,6.9,0.15,1,0,1,0
Soil carbon,mg per kg of soil,Soil carbon,29682.3,5380.6,3,42693.7,5220.1,3,,Ficinia sp.,Acacia saligna,Gaertner et al. (2011),Gaertner et al. (2011)b,2011,-34.5483,19.46143611,Observational,Scrub,Terrestrial,0.580407666,4,0,1,NA,1
Soil moisture,g,Soil moisture,8,NA,NA,8.8,NA,NA,,Typha x glauca,Carex stricta,Geddes et al. (2014),Geddes et al. (2014)a,2014,41.654373,-87.052651,Observational,Freshwater wetland,Aquatic,1.35,0.61,0,0,NA,1
Soil moisture,g,Soil moisture,8,NA,NA,9.1,NA,NA,,Typha x glauca,Carex stricta,Geddes et al. (2014),Geddes et al. (2014)b,2014,41.654373,-87.052651,Observational,Freshwater wetland,Aquatic,1.35,0.61,0,0,NA,1
Soil moisture,g,Soil moisture,8,NA,NA,8.7,NA,NA,SE,Typha x glauca,Carex stricta,Geddes et al. (2014),Geddes et al. (2014)c,2014,41.654373,-87.052651,Observational,Freshwater wetland,Aquatic,1.35,0.61,0,0,NA,1
Soil organic matter,%,Soil carbon,58.3993,7.9752,3,77.8404,0.8723,3,SE,Typha x glauca,Carex stricta,Geddes et al. (2014),Geddes et al. (2014)a,2014,41.654373,-87.052651,Observational,Freshwater wetland,Aquatic,1.35,0.61,0,0,NA,1
Soil organic matter,%,Soil carbon,58.3993,7.9752,3,64.7565,9.5951,3,SE,Typha x glauca,Carex stricta,Geddes et al. (2014),Geddes et al. (2014)b,2014,41.654373,-87.052651,Observational,Freshwater wetland,Aquatic,1.35,0.61,0,0,NA,1
Soil organic matter,%,Soil carbon,58.3993,7.9752,3,88.6836,0.7465,3,SE,Typha x glauca,Carex stricta,Geddes et al. (2014),Geddes et al. (2014)c,2014,41.654373,-87.052651,Observational,Freshwater wetland,Aquatic,1.35,0.61,0,0,NA,1
Soil nitrate,miiligrams per gram of soil,Soil Nitrogen,0.0035,0.00813,3,0.00484,0.00546,3,SE,Typha x glauca,Carex stricta,Geddes et al. (2014),Geddes et al. (2014)a,2014,41.654373,-87.052651,Observational,Freshwater wetland,Aquatic,1.35,0.61,0,0,NA,1
Soil nitrate,miiligrams per gram of soil,Soil Nitrogen,0.0035,0.00813,3,0.00386,0.00695,3,SE,Typha x glauca,Carex stricta,Geddes et al. (2014),Geddes et al. (2014)b,2014,41.654373,-87.052651,Observational,Freshwater wetland,Aquatic,1.35,0.61,0,0,NA,1
Soil nitrate,miiligrams per gram of soil,Soil Nitrogen,0.0035,0.00813,3,0.00821,0.00937,3,SE,Typha x glauca,Carex stricta,Geddes et al. (2014),Geddes et al. (2014)c,2014,41.654373,-87.052651,Observational,Freshwater wetland,Aquatic,1.35,0.61,0,0,NA,1
Soil ammonium,milligrams per gram of soil,Soil Nitrogen,0.0153,0.0188,3,0.0137,0.0166,3,SE,Typha x glauca,Carex stricta,Geddes et al. (2014),Geddes et al. (2014)a,2014,41.654373,-87.052651,Observational,Freshwater wetland,Aquatic,1.35,0.61,0,0,NA,1
Soil ammonium,milligrams per gram of soil,Soil Nitrogen,0.0153,0.0188,3,0.0163,0.0188,3,SE,Typha x glauca,Carex stricta,Geddes et al. (2014),Geddes et al. (2014)b,2014,41.654373,-87.052651,Observational,Freshwater wetland,Aquatic,1.35,0.61,0,0,NA,1
Soil ammonium,milligrams per gram of soil,Soil Nitrogen,0.0153,0.0188,3,0.0167,0.0192,3,SE,Typha x glauca,Carex stricta,Geddes et al. (2014),Geddes et al. (2014)c,2014,41.654373,-87.052651,Observational,Freshwater wetland,Aquatic,1.35,0.61,0,0,NA,1
Soil moisture,,Soil moisture,42.1493,1.9812,30,58.2526,1.9811,30,,Distichlis spicata,Spartina anglica,Hacker et al (2006),Hacker et al (2006)b,2006,48.23333333,-122.7333333,Observational,Coastal marsh,Aquatic,0.5,0.85,0,0,0,0
Evapotranspiration,,Water supply,1.18275,0.11723,4,1.30385,1.38748,4,,Muhlenbergia porteri,Eragrostis lehmanniana,Hamerlynk et al (2010),Hamerlynk et al (2010)a,2010,31.8214,-110.8661,Observational,Savanna,Terrestrial,0.8,0.705,0,0,0,0
Water loss,water loss in metres,Water supply,0.24732,0.057815828,4,0.52688,0.002246294,4,,Atriplex canescens,Tamarix spp,Hatler et al (2009),Hatler et al (2009)a,2009,31.692,-103.622,Observational,Scrub,Terrestrial,0.9,6.214465012,1,1,0,1
Total aboveground biomass,grams of biomass per metre squared,Aboveground biomass,58.2,54.21151989,18,5578.8,418.6072145,18,,Festuca idahoensis,Cytisus scoparius,Haubensak et al 2004,Haubensak et al 2004a,2004,46.91666667,-123.2666667,Observational,Grassland,Terrestrial,0.7,2,0,1,1,1
Total soil nitrogen,grams of nitrogen per metre squared of soil (0-10cm depth),Soil nitrogen,427.1,20.05826236,18,454.67,28.32198361,18,,Festuca idahoensis,Cytisus scoparius,Haubensak et al 2004,Haubensak et al 2004a,2004,46.91666667,-123.2666667,Observational,Grassland,Terrestrial,0.7,2,0,1,1,1
Total soil carbon,grams of carbon per metre squared of soil (0-10cm depth),Soil carbon,9117.5,417.09872,18,9339.7,540.7245556,18,,Festuca idahoensis,Cytisus scoparius,Haubensak et al 2004,Haubensak et al 2004a,2004,46.91666667,-123.2666667,Observational,Grassland,Terrestrial,0.7,2,0,1,1,1
Soil ammonium,,Soil Nitrogen,0.72,0.15,5,4.92,0.81,5,SE,Corema album,Acacia longifola,Hellmann et al. (2011),Hellmann et al. (2011)a,2011,38.25,-8.766666667,Observational,Coastal dune,Terrestrial,0.5,10,1,1,1,1
Soil nitrate,,Soil Nitrogen,0.68,0.23,5,1.55,0.47,5,SE,Corema album,Acacia longifola,Hellmann et al. (2011),Hellmann et al. (2011)a,2011,38.25,-8.766666667,Observational,Coastal dune,Terrestrial,0.5,10,1,1,1,1
Soil organic matter,,Soil carbon,0.33,0.04,3,2.59,0.18,3,SE,Corema album,Acacia longifola,Hellmann et al. (2011),Hellmann et al. (2011)a,2011,38.25,-8.766666667,Observational,Coastal dune,Terrestrial,0.5,10,1,1,1,1
Vegetation biomass,,Aboveground biomass,90.2174,17.1425,8,153.6159,21.4345,8,SE,Hesperostipa comata,Agropyron cristatum,Henderson et al (2005),Henderson et al (2005)a,2005,50.34546,-109.995117,Observational,Grassland,Terrestrial,1,0.4,0,0,1,1
Soil organic matter,,Soil carbon,762.624,64.407,8,761.6416,81.5493,8,SE,Hesperostipa comata,Agropyron cristatum,Henderson et al (2005),Henderson et al (2005)a,2005,50.34546,-109.995117,Observational,Grassland,Terrestrial,1,0.4,0,0,1,1
Soil nitrogen,,Soil nitrogen,0.02375,0.23125,15,0.4626,0.0415,15,,Quercus alba,Rhamnus cathartica,Heneghan et al (2004),Heneghan et al (2004)a,2004,42.149755,-87.780998,Observational,Forest,Terrestrial,27,10,1,1,1,1
Soil carbon,,Soil carbon,3.4485,1.2236,15,6.0545,0.5122,15,,Quercus alba,Rhamnus cathartica,Heneghan et al (2004),Heneghan et al (2004)a,2004,42.149755,-87.780998,Observational,Forest,Terrestrial,27,10,1,1,1,1
Soil available N,,Soil nitrogen,11.187,1.4107,15,9.1756,0.5557,15,,Quercus alba,Rhamnus cathartica,Heneghan et al (2004),Heneghan et al (2004)a,2004,42.149755,-87.780998,Observational,Forest,Terrestrial,27,10,1,1,1,1
Soil available NO3,,Soil nitrogen,2.3738,0.1283,15,2.2433,0.2993,15,,Quercus alba,Rhamnus cathartica,Heneghan et al (2004),Heneghan et al (2004)a,2004,42.149755,-87.780998,Observational,Forest,Terrestrial,27,10,1,1,1,1
Soil available NH4,,Soil nitrogen,8.6505,1.1542,15,6.8956,0.2992,15,,Quercus alba,Rhamnus cathartica,Heneghan et al (2004),Heneghan et al (2004)a,2004,42.149755,-87.780998,Observational,Forest,Terrestrial,27,10,1,1,1,1
Soil nitrogen,,Soil nitrogen,0.2623,0.0492,3,0.4419,0.2324,3,,Quercus alba,Rhamnus cathartica,Heneghan et al (2006),Heneghan et al (2006)a,2006,42.143742,-88.042717,Observational,Forest,Terrestrial,27,10,1,1,1,1
Soil carbon,,Soil carbon,0.3222,0.0598,3,0.6919,0.1972,3,,Quercus alba,Rhamnus cathartica,Heneghan et al (2006),Heneghan et al (2006)a,2006,42.143742,-88.042717,Observational,Forest,Terrestrial,27,10,1,1,1,1
Soil nitrogen,,Soil nitrogen,3.6774,0.6799,3,5.7095,2.7998,3,,Quercus alba,Rhamnus cathartica,Heneghan et al (2006),Heneghan et al (2006)b,2006,41.81457,-88.055935,Observational,Forest,Terrestrial,27,10,1,1,1,1
Soil carbon,,Soil carbon,4.5438,0.72,3,8.8961,2.1598,3,,Quercus alba,Rhamnus cathartica,Heneghan et al (2006),Heneghan et al (2006)b,2006,41.81457,-88.055935,Observational,Forest,Terrestrial,27,10,1,1,1,1
Soil nitrogen,,Soil nitrogen,12.8378,0.7401,3,13.9975,0.4933,3,,Quercus alba,Rhamnus cathartica,Heneghan et al (2006),Heneghan et al (2006)c,2006,42.149755,-87.780998,Observational,Forest,Terrestrial,27,10,1,1,1,1
Soil carbon,,Soil carbon,13.0434,2.4657,3,14.018,2.0961,3,,Quercus alba,Rhamnus cathartica,Heneghan et al (2006),Heneghan et al (2006)c,2006,42.149755,-87.780998,Observational,Forest,Terrestrial,27,10,1,1,1,1
Soil phosphorus,,Soil phosphorus,4.67666,0.334665216,30,6.45344,0.563331748,30,,Achillea millefolium,Solidago gigantea,Herr et al (2007),Herr et al (2007)a,2007,50.859927,4.464912,Observational,Grassland,Terrestrial,0.6,2,0,0,1,1
Plant biomass,,Aboveground biomass,688.125,3.042090784,18,1381.7531,6.543217454,18,,Achillea millefolium,Solidago gigantea,Herr et al (2007),Herr et al (2007)a,2007,50.859927,4.464912,Observational,Grassland,Terrestrial,0.6,2,0,0,1,1
Soil carbon,Percentage soil carbon content (0-5cm depth),Soil carbon,1.9174,0.2762,6,2.0097,0.3225,6,,Pseudoroegneria spicata,Centaurea maculosa,Hook et al (2004),Hook et al (2004)a,2004,45.45833333,-110.6066667,Observational,Grassland,Terrestrial,0.8,0.91,0,0,1,1
Soil nitrogen,Percentage soil nitrogen content (0-5cm depth),Soil nitrogen,0.1356,0.0098,6,0.1438,0.0114,6,,Pseudoroegneria spicata,Centaurea maculosa,Hook et al (2004),Hook et al (2004)a,2004,45.45833333,-110.6066667,Observational,Grassland,Terrestrial,0.8,0.91,0,0,1,1
Soil carbon,Percentage soil carbon content (0-5cm depth),Soil carbon,3.3862,0.2302,6,2.8806,0.4143,6,,Pseudoroegneria spicata,Centaurea maculosa,Hook et al (2004),Hook et al (2004)b,2004,25.39833333,-110.7033333,Observational,Grassland,Terrestrial,0.8,0.91,0,0,1,1
Soil nitrogen,Percentage soil nitrogen content (0-5cm depth),Soil nitrogen,0.2257,0.0197,6,0.2011,0.0312,6,,Pseudoroegneria spicata,Centaurea maculosa,Hook et al (2004),Hook et al (2004)b,2004,25.39833333,-110.7033333,Observational,Grassland,Terrestrial,0.8,0.91,0,0,1,1
Soil carbon,Percentage soil carbon content (0-5cm depth),Soil carbon,10.3566,2.5766,6,9.6665,1.8409,6,,Pseudoroegneria spicata,Centaurea maculosa,Hook et al (2004),Hook et al (2004)c,2004,46.55,-111.7616667,Observational,Grassland,Terrestrial,0.8,0.91,0,0,1,1
Soil nitrogen,Percentage soil nitrogen content (0-5cm depth),Soil nitrogen,0.398,0.0753,6,0.3931,0.0589,6,,Pseudoroegneria spicata,Centaurea maculosa,Hook et al (2004),Hook et al (2004)c,2004,46.55,-111.7616667,Observational,Grassland,Terrestrial,0.8,0.91,0,0,1,1
Soil carbon,Percentage soil carbon content (0-5cm depth),Soil carbon,4.7496,0.276,6,5.0721,0.276,6,,Pseudoroegneria spicata,Centaurea maculosa,Hook et al (2004),Hook et al (2004)d,2004,45.595,-111.09,Observational,Grassland,Terrestrial,0.8,0.91,0,0,1,1
Soil nitrogen,Percentage soil nitrogen content (0-5cm depth),Soil nitrogen,0.3668,0.0098,6,0.37,0.0148,6,,Pseudoroegneria spicata,Centaurea maculosa,Hook et al (2004),Hook et al (2004)d,2004,45.595,-111.09,Observational,Grassland,Terrestrial,0.8,0.91,0,0,1,1
Soil carbon,Percentage soil carbon content (0-5cm depth),Soil carbon,3.9707,0.3221,6,3.8791,0.3221,6,,Pseudoroegneria spicata,Centaurea maculosa,Hook et al (2004),Hook et al (2004)e,2004,45.77833333,-111.26,Observational,Grassland,Terrestrial,0.8,0.91,0,0,1,1
Soil nitrogen,Percentage soil nitrogen content (0-5cm depth),Soil nitrogen,0.3242,0.0213,6,0.3225,0.0212,6,,Pseudoroegneria spicata,Centaurea maculosa,Hook et al (2004),Hook et al (2004)e,2004,45.77833333,-111.26,Observational,Grassland,Terrestrial,0.8,0.91,0,0,1,1
Soil carbon,Percentage soil carbon content (0-5cm depth),Soil carbon,3.4289,0.2759,6,3.3832,0.3681,6,,Pseudoroegneria spicata,Centaurea maculosa,Hook et al (2004),Hook et al (2004)f,2004,45.59833333,-111.195,Observational,Grassland,Terrestrial,0.8,0.91,0,0,1,1
Soil nitrogen,Percentage soil nitrogen content (0-5cm depth),Soil nitrogen,0.2454,0.0097,6,0.2438,0.0082,6,,Pseudoroegneria spicata,Centaurea maculosa,Hook et al (2004),Hook et al (2004)f,2004,45.59833333,-111.195,Observational,Grassland,Terrestrial,0.8,0.91,0,0,1,1
Soil carbon,Percentage soil carbon content (0-5cm depth),Soil carbon,7.7831,0.5982,6,6.8171,0.7363,6,,Pseudoroegneria spicata,Centaurea maculosa,Hook et al (2004),Hook et al (2004)g,2004,45.665,-110.6916667,Observational,Grassland,Terrestrial,0.8,0.91,0,0,1,1
Soil nitrogen,Percentage soil nitrogen content (0-5cm depth),Soil nitrogen,0.3455,0.0131,6,0.3161,0.0229,6,,Pseudoroegneria spicata,Centaurea maculosa,Hook et al (2004),Hook et al (2004)g,2004,45.665,-110.6916667,Observational,Grassland,Terrestrial,0.8,0.91,0,0,1,1
Soil carbon,Percentage soil carbon content (0-5cm depth),Soil carbon,3.9741,0.3221,6,3.7445,0.5523,6,,Pseudoroegneria spicata,Centaurea maculosa,Hook et al (2004),Hook et al (2004)h,2004,45.66,-110.665,Observational,Grassland,Terrestrial,0.8,0.91,0,0,1,1
Soil nitrogen,Percentage soil nitrogen content (0-5cm depth),Soil nitrogen,0.2455,0.0147,6,0.2242,0.0311,6,,Pseudoroegneria spicata,Centaurea maculosa,Hook et al (2004),Hook et al (2004)h,2004,45.66,-110.665,Observational,Grassland,Terrestrial,0.8,0.91,0,0,1,1
Soil carbon,Percentage soil carbon content (0-5cm depth),Soil carbon,4.1157,0.368,6,3.2417,0.368,6,,Pseudoroegneria spicata,Centaurea maculosa,Hook et al (2004),Hook et al (2004)i,2004,45.64333333,-110.9216667,Observational,Grassland,Terrestrial,0.8,0.91,0,0,1,1
Soil nitrogen,Percentage soil nitrogen content (0-5cm depth),Soil nitrogen,0.2668,0.0196,6,0.2111,0.0147,6,,Pseudoroegneria spicata,Centaurea maculosa,Hook et al (2004),Hook et al (2004)i,2004,45.64333333,-110.9216667,Observational,Grassland,Terrestrial,0.8,0.91,0,0,1,1
Aboveground biomass,Mg per ha,Aboveground biomass,240.3332,37.1986,5,279.3205,50.294,5,SD,Planchonella samoensis,Falcataria moluccana,Hughes et al. (2012),Hughes et al. (2012)a,2012,-14.298203,-170.715649,Observational,Forest,Terrestrial,40,30,1,1,NA,1
Aboveground carbon storage,kg per metre squared,Aboveground biomass,0.33,0.11,5,0.12,0.04,5,SD,Agrostis halli,Avena barbata,Koteen et al. (2011),Koteen et al. (2011)a,2011,37.862,-122.524,Observational,Grassland,Terrestrial,1,0.7,0,0,1,1
Aboveground carbon storage,kg per metre squared,Aboveground biomass,0.35,0.16,5,0.12,0.04,5,SD,Festuca rubra,Avena barbata,Koteen et al. (2011),Koteen et al. (2011)a,2011,37.862,-122.524,Observational,Grassland,Terrestrial,0.525,0.7,0,0,1,1
Aboveground carbon storage,kg per metre squared,Aboveground biomass,0.42,0.08,5,0.22,0.04,5,SD,Agrostis halli,Avena barbata,Koteen et al. (2011),Koteen et al. (2011)a,2011,37.862,-122.524,Observational,Grassland,Terrestrial,1,0.7,0,0,1,1
Aboveground carbon storage,kg per metre squared,Aboveground biomass,0.37,0.13,5,0.22,0.04,5,SD,Festuca rubra,Avena barbata,Koteen et al. (2011),Koteen et al. (2011)a,2011,37.862,-122.524,Observational,Grassland,Terrestrial,0.525,0.7,0,0,1,1
Aboveground carbon storage,kg per metre squared,Aboveground biomass,0.42,0.06,5,0.22,0.03,5,SD,Agrostis halli,Avena barbata,Koteen et al. (2011),Koteen et al. (2011)a,2011,37.862,-122.524,Observational,Grassland,Terrestrial,1,0.7,0,0,1,1
Aboveground carbon storage,kg per metre squared,Aboveground biomass,0.37,0.1,5,0.22,0.03,5,SD,Festuca rubra,Avena barbata,Koteen et al. (2011),Koteen et al. (2011)a,2011,37.862,-122.524,Observational,Grassland,Terrestrial,0.525,0.7,0,0,1,1
Total soil carbon,,Soil carbon,17.6,0.4,5,14.9,0.4,5,SD,Nassella pulchra,Brachypodium distachyon,Koteen et al. (2011),Koteen et al. (2011)a,2011,37.862,-122.524,Observational,Grassland,Terrestrial,1,0.727321138,0,0,NA,1
Total soil carbon,,Soil carbon,16.9,0.4,5,14.9,0.4,5,SD,Nassella pulchra,Brachypodium distachyon,Koteen et al. (2011),Koteen et al. (2011)a,2011,37.862,-122.524,Observational,Grassland,Terrestrial,1,0.727321138,0,0,NA,1
Aboveground carbon storage,,Aboveground biomass,0.26,0.15,5,0.17,0.04,5,SD,Nassella pulchra,Brachypodium distachyon,Koteen et al. (2011),Koteen et al. (2011)b,2011,37.931,-122.524,Observational,Grassland,Terrestrial,1,0.727321138,0,0,NA,1
Aboveground carbon storage,,Aboveground biomass,0.26,0.1,5,0.28,0.07,5,SD,Nassella pulchra,Brachypodium distachyon,Koteen et al. (2011),Koteen et al. (2011)b,2011,37.931,-122.524,Observational,Grassland,Terrestrial,1,0.727321138,0,0,NA,1
Aboveground carbon storage,,Aboveground biomass,0.26,0.08,5,0.28,0.05,5,SD,Nassella pulchra,Brachypodium distachyon,Koteen et al. (2011),Koteen et al. (2011)b,2011,37.931,-122.524,Observational,Grassland,Terrestrial,1,0.727321138,0,0,NA,1
Total soil carbon,,Soil carbon,14.7,0.04,5,9.5,0.2,5,SE,Nassella pulchra,Brachypodium distachyon,Koteen et al. (2011),Koteen et al. (2011)b,2011,37.931,-122.524,Observational,Grassland,Terrestrial,1,0.727321138,0,0,NA,1
Total soil carbon,percentage soil carbon,Soil carbon,1.64,0.073484692,6,1.8,0.122474487,6,,Epilobium hirsutum,Solidago gigantea,Koutika et al (2007),Koutika et al (2007)a,2007,50.25936,6.06888,Observational,Grassland,Terrestrial,2,2,0,0,1,1
Total soil nitrogen,percentage soil nitrogen,Soil Nitrogen,0.2,0.02857738,6,0.17,0.004082483,6,,Epilobium hirsutum,Solidago gigantea,Koutika et al (2007),Koutika et al (2007)a,2007,50.25936,6.06888,Observational,Grassland,Terrestrial,2,2,0,0,1,1
Total soil carbon,percentage soil carbon,Soil carbon,1.91,0.081649658,6,2.45,0.130639453,6,,Agrostis stolonifera,Prunus serotina,Koutika et al (2007),Koutika et al (2007)d,2007,51.21992,4.39625,Observational,Grassland,Terrestrial,0.7,29,0,1,1,1
Total soil nitrogen,percentage soil nitrogen,Soil Nitrogen,0.27,0.053072278,6,0.44,0.081649658,6,,Agrostis stolonifera,Prunus serotina,Koutika et al (2007),Koutika et al (2007)d,2007,51.21992,4.39625,Observational,Grassland,Terrestrial,0.7,29,0,1,1,1
Total soil carbon,percentage soil carbon,Soil carbon,15.92,1.959591794,6,10.78,0.845073961,6,,Glechoma hederacea,Heracleum mantegazzianum,Koutika et al (2007),Koutika et al (2007)h,2007,50.800919,4.414715,Observational,Forest,Terrestrial,0.275,3.75,0,0,1,1
Total soil nitrogen,percentage soil nitrogen,Soil Nitrogen,1.02,0.15513435,6,0.64,0.057154761,6,,Glechoma hederacea,Heracleum mantegazzianum,Koutika et al (2007),Koutika et al (2007)h,2007,50.800919,4.414715,Observational,Forest,Terrestrial,0.275,3.75,0,0,1,1
Total soil carbon,percentage soil carbon,Soil carbon,9.42,0.493980431,6,8.47,0.816496581,6,,Eupatorium cannabinum,Fallopia japonica,Koutika et al (2007),Koutika et al (2007)j,2007,51.05844,5.27176,Observational,Forest,Terrestrial,1.5,3.5,0,0,1,1
Total soil nitrogen,percentage soil nitrogen,Soil Nitrogen,0.59,0.163299316,6,0.38,0.020412415,6,,Eupatorium cannabinum,Fallopia japonica,Koutika et al (2007),Koutika et al (2007)j,2007,51.05844,5.27176,Observational,Forest,Terrestrial,1.5,3.5,0,0,1,1
Soil nitrogen,milligrams of nitrogen per grams of dry soil,Soil Nitrogen,16,19,10,3,2,10,,Metrosideros polymorpha,Myrica cerifera,Kurten et al (2008),Kurten et al (2008)a,2008,19.733421,-155.090389,Observational,Forest,Terrestrial,22.5,6,1,1,1,NA
Soil carbon,milligrams of carbon per gram of dry soil,Soil carbon,528,165,10,532,56,10,,Metrosideros polymorpha,Myrica cerifera,Kurten et al (2008),Kurten et al (2008)a,2008,19.733421,-155.090389,Observational,Forest,Terrestrial,22.5,6,1,1,1,NA
Available ammonium,micrograms of ammonium per gram of dry soil,Soil Nitrogen,3.1,2.3,10,5.7,2.1,10,,Metrosideros polymorpha,Myrica cerifera,Kurten et al (2008),Kurten et al (2008)a,2008,19.733421,-155.090389,Observational,Forest,Terrestrial,22.5,6,1,1,1,NA
Soil moisture,grams of water per grams of wet soil,Soil moisture,70,3,10,59,3,10,,Metrosideros polymorpha,Myrica cerifera,Kurten et al (2008),Kurten et al (2008)a,2008,19.733421,-155.090389,Observational,Forest,Terrestrial,22.5,6,1,1,1,NA
Total soil organic carbon,,Soil carbon,27.45,1.77,9,40.56,6.91,9,SE,Quercus ilex,Acacia dealbata,Lazzaro et al. (2014),Lazzaro et al. (2014)a,2014,42.811389,10.416355,Observational,Forest,Terrestrial,12.5,8.5,1,1,1,1
Total soil nitrogen,,Soil carbon,2.04,0.11,9,3.32,0.4,9,SE,Quercus ilex,Acacia dealbata,Lazzaro et al. (2014),Lazzaro et al. (2014)a,2014,42.811389,10.416355,Observational,Forest,Terrestrial,12.5,8.5,1,1,1,1
Total inorganic nitrogen,micrograms per gram of soil,Soil nitrogen,0.68,0.1,15,1.14,0.12,15,SE,Eupatorium perfoliatum,Microstegium vimineum,Lee et al (2012),Lee et al (2012)a,2012,39.21916667,-86.54138889,Observational,Forest,Terrestrial,1,0.7,0,0,1,0
Total plant biomass,,Aboveground biomass,2.18,0.09,15,4.36,0.16,15,SE,Eupatorium perfoliatum,Microstegium vimineum,Lee et al (2012),Lee et al (2012)a,2012,39.21916667,-86.54138889,Observational,Forest,Terrestrial,1,0.7,0,0,1,0
Carbon stocks (Soil plus plant),kilograms per metre squared to 100 cm depth,Aboveground biomass,19.51,1,10,20.94,1,10,,Phragmites australis,Spartina alterniflora,Liao et al (2007),Liao et al (2007)a,2007,30.16666667,122.0166667,Observational,Coastal marsh,Aquatic,2,1.35,0,0,1,0
Soil nitrogen,%,Soil nitrogen,0.05477,0.00909,4,0.45187,0.03791,4,SE,Acacia longifolia,Chrysanthemoides monilifera,Lindsay et al (2005),Lindsay et al (2005)a,2005,-34.96666667,150.7833333,Observational,Scrub,Terrestrial,10,3,1,1,1,0
Soil ammonia,milligrams per kilogram of soil,Soil ammonia,1.41202,0.34373,4,1.95398,0.44302,4,SE,Acacia longifolia,Chrysanthemoides monilifera,Lindsay et al (2005),Lindsay et al (2005)b,2005,-34.96666667,150.7833333,Observational,Scrub,Terrestrial,10,3,1,1,1,0
Soil nitrate,milligrams per kilogram of soil,Soil nitrate,0.5391,0.10804,4,1.70399,0.34727,4,SE,Acacia longifolia,Chrysanthemoides monilifera,Lindsay et al (2005),Lindsay et al (2005)b,2005,-34.96666667,150.7833333,Observational,Scrub,Terrestrial,10,3,1,1,1,0
Soil nitrogen,%,Soil nitrogen,0.03334,0.00606,4,0.08473,0.00909,4,SE,Acacia longifolia,Chrysanthemoides monilifera,Lindsay et al (2005),Lindsay et al (2005)b,2005,-34.96666667,150.7833333,Observational,Scrub,Terrestrial,10,3,1,1,1,0
Soil ammonia,milligrams per kilogram of soil,Soil ammonia,1.13197,0.28261,4,1.73503,0.19861,4,SE,Acacia longifolia,Chrysanthemoides monilifera,Lindsay et al (2005),Lindsay et al (2005)c,2005,-34.96666667,150.7833333,Observational,Scrub,Terrestrial,10,3,1,1,1,0
Soil nitrate,milligrams per kilogram of soil,Soil nitrate,1.47542,0.20837,4,1.12008,0.10803,4,SE,Acacia longifolia,Chrysanthemoides monilifera,Lindsay et al (2005),Lindsay et al (2005)c,2005,-34.96666667,150.7833333,Observational,Scrub,Terrestrial,10,3,1,1,1,0
Soil nitrogen,%,Soil nitrogen,0.01477,0.00606,4,0.0419,0.00606,4,SE,Acacia longifolia,Chrysanthemoides monilifera,Lindsay et al (2005),Lindsay et al (2005)c,2005,-34.96666667,150.7833333,Observational,Scrub,Terrestrial,10,3,1,1,1,0
Soil ammonia,milligrams per kilogram of soil,Soil ammonia,1.48205,0.27497,4,2.36009,0.2368,4,SE,Acacia longifolia,Chrysanthemoides monilifera,Lindsay et al (2005),Lindsay et al (2005)d,2005,-34.96666667,150.7833333,Observational,Scrub,Terrestrial,10,3,1,1,1,0
Soil nitrate,milligrams per kilogram of soil,Soil nitrate,0.74874,0.10804,4,1.18053,0.1852,4,SE,Acacia longifolia,Chrysanthemoides monilifera,Lindsay et al (2005),Lindsay et al (2005)d,2005,-34.96666667,150.7833333,Observational,Scrub,Terrestrial,10,3,1,1,1,0
Soil nitrogen,%,Soil nitrogen,0.01572,0.00607,4,0.03678,0.00608,4,SE,Acacia longifolia,Chrysanthemoides monilifera,Lindsay et al (2005),Lindsay et al (2005)d,2005,-34.96666667,150.7833333,Observational,Scrub,Terrestrial,10,3,1,1,1,0
Belowground biomass,g per metre squared,Belowground biomass,0.8807,0.0179,5,1.2286,0.0219,5,SE,Selaginella densa,Agropyron cristatum,MacDougall and Wilson (2011),MacDougall and Wilson (2011)a,2011,49.36666667,107.8833333,Observational,Grassland,Terrestrial,0.04,0.4,0,0,1,1
Soil carbon,milligrams per gram of soil,Soil carbon,0.4489,0.0465,5,0.4236,0.0327,5,SE,Selaginella densa,Agropyron cristatum,MacDougall and Wilson (2011),MacDougall and Wilson (2011)a,2011,49.36666667,107.8833333,Observational,Grassland,Terrestrial,0.04,0.4,0,0,1,1
Soil nitrogen,,Soil nitrogen,0.1135,0.0084,5,0.3527,0.091,5,,Pinus rigida,Robinia pseudoacacia,Malcolm et al (2008),Malcolm et al (2008)a,2008,42.70338,-73.83894,Observational,Forest,Terrestrial,18,25,1,1,1,1
Soil moisture,percentage soil water content,Soil moisture,6.933333333,0.769786705,7,4.333333333,0.151738497,7,SE,Taxodium distichum,Melaleuca quinquenervia,Martin et al 2009,Martin et al 2009a,2009,25.995081,-81.482849,Observational,Forest,Terrestrial,32.5,20,1,1,1,1
Soil organic matter,percentage organic matter,Soil carbon,2.5,0.349461831,7,2.166666667,0.089942839,7,SE,Taxodium distichum,Melaleuca quinquenervia,Martin et al 2009,Martin et al 2009a,2009,25.995081,-81.482849,Observational,Forest,Terrestrial,32.5,20,1,1,1,1
Soil carbon,milligrams per gram of soil,Soil carbon,16.3,1.263701197,7,11.4,0.679626053,7,SE,Taxodium distichum,Melaleuca quinquenervia,Martin et al 2009,Martin et al 2009a,2009,25.995081,-81.482849,Observational,Forest,Terrestrial,32.5,20,1,1,1,1
Soil nitrogen,milligrams per gram of soil,Soil nitrogen,1.55,0.067168232,7,0.635,0.021782857,7,SE,Taxodium distichum,Melaleuca quinquenervia,Martin et al 2009,Martin et al 2009a,2009,25.995081,-81.482849,Observational,Forest,Terrestrial,32.5,20,1,1,1,1
Soil phosphorus,micrograms per gram of soil,Soil phosphorus,36.8,2.628779728,7,12.5,0.479190389,7,SE,Taxodium distichum,Melaleuca quinquenervia,Martin et al 2009,Martin et al 2009a,2009,25.995081,-81.482849,Observational,Forest,Terrestrial,32.5,20,1,1,1,1
Aboveground biomass,kilograms per metre squared,Aboveground biomass,3.54003,0.55849,7,5.0667,0.92425,7,SE,Taxodium distichum,Melaleuca quinquenervia,Martin et al 2009,Martin et al 2009a,2009,25.995081,-81.482849,Observational,Forest,Terrestrial,32.5,20,1,1,1,1
Root biomass,grams per metre squared,Belowground biomass,261.9,31.6,7,587.8,42.4,7,SE,Taxodium distichum,Melaleuca quinquenervia,Martin et al 2009,Martin et al 2009a,2009,25.995081,-81.482849,Observational,Forest,Terrestrial,32.5,20,1,1,1,1
Aboveground biomass,kilograms per metre squared,Aboveground biomass,28.9,8.3,8,14.6,3.3,4,,Acer rubrum,Rhamnus cathartica,Mascaro and Schnitzer (2011),Mascaro and Schnitzer (2011)a,2011,42.762371,-88.133196,Observational,Forest,Terrestrial,15,10,1,1,1,1
Soil carbon,%,Soil carbon,2.65,0.15,10,3.74,0.34,10,,Pascopyrum smithii,Bromus tectorum,Concilio et al. (2015),Concilio et al. (2015)a,2015,40.11666667,105.3,Observational,Grassland,Terrestrial,0.6,0.65,0,0,1,1
Soil nitrogen,%,Soil nitrogen,0.22,0.01,10,0.32,0.03,10,,Pascopyrum smithii,Bromus tectorum,Concilio et al. (2015),Concilio et al. (2015)a,2015,40.11666667,105.3,Observational,Grassland,Terrestrial,0.6,0.65,0,0,1,1
Soil nitrogen ,%,Soil nitrogen,0.33,0.02,3,0.33,0.01,3,,Carya laciniosa,Lonicera maackii,McEwan et al. (2012),McEwan et al. (2012)a,2012,38.015313,-84.505241,Observational,Forest,Terrestrial,36.9,6,1,1,1,1
Soil nitrogen ,%,Soil nitrogen,0.36,0.01,3,0.4,0.02,3,,Carya laciniosa,Lonicera maackii,McEwan et al. (2012),McEwan et al. (2012)b,2012,38.015313,-84.505241,Observational,Forest,Terrestrial,36.9,6,1,1,1,1
Soil nitrogen ,%,Soil nitrogen,0.56,0.03,3,0.6,0.03,3,,Carya laciniosa,Lonicera maackii,McEwan et al. (2012),McEwan et al. (2012)c,2012,38.015313,-84.505241,Observational,Forest,Terrestrial,36.9,6,1,1,1,1
Soil carbon,%,Soil carbon,3.87,0.21,3,4.01,0.16,3,,Carya laciniosa,Lonicera maackii,McEwan et al. (2012),McEwan et al. (2012)a,2012,38.015313,-84.505241,Observational,Forest,Terrestrial,36.9,6,1,1,1,1
Soil carbon,%,Soil carbon,4.06,0.17,3,4.46,0.31,3,,Carya laciniosa,Lonicera maackii,McEwan et al. (2012),McEwan et al. (2012)b,2012,38.015313,-84.505241,Observational,Forest,Terrestrial,36.9,6,1,1,1,1
Soil carbon,%,Soil carbon,7.76,0.46,3,7.68,0.48,3,,Carya laciniosa,Lonicera maackii,McEwan et al. (2012),McEwan et al. (2012)c,2012,38.015313,-84.505241,Observational,Forest,Terrestrial,36.9,6,1,1,1,1
Soil phosphorus,%,Soil phosphorus,0.03,0.01,3,0.03,0.01,3,,Carya laciniosa,Lonicera maackii,McEwan et al. (2012),McEwan et al. (2012)a,2012,38.015313,-84.505241,Observational,Forest,Terrestrial,36.9,6,1,1,1,1
Soil phosphorus,%,Soil phosphorus,0.11,0.01,3,0.09,0.01,3,,Carya laciniosa,Lonicera maackii,McEwan et al. (2012),McEwan et al. (2012)b,2012,38.015313,-84.505241,Observational,Forest,Terrestrial,36.9,6,1,1,1,1
Soil phosphorus,%,Soil phosphorus,0.17,0.01,3,0.14,0.01,3,,Carya laciniosa,Lonicera maackii,McEwan et al. (2012),McEwan et al. (2012)c,2012,38.015313,-84.505241,Observational,Forest,Terrestrial,36.9,6,1,1,1,1
Soil organic matter,%,Soil carbon,0.9384,0.0739,3,0.8533,0.1404,3,,Fraxinus anustifola,Ailanthus altissima,Medina-Villar et al. (2015),Medina-Villar et al. (2015)a,2015,40.57530556,-3.229611111,Observational,Forest,Terrestrial,25,22,1,1,1,1
Soil organic matter,%,Soil carbon,0.508,0.0591,4,2.1595,0.3694,3,,Poplus alba,Robinia pseudoacacia,Medina-Villar et al. (2015),Medina-Villar et al. (2015)b,2015,40.94677778,-2.937694444,Observational,Forest,Terrestrial,21.5,25,1,1,1,1
Soil nitrogen,%,Soil nitrogen,0.0472,0.0035,3,0.048,0.0057,3,,Fraxinus anustifola,Ailanthus altissima,Medina-Villar et al. (2015),Medina-Villar et al. (2015)a,2015,40.57530556,-3.229611111,Observational,Forest,Terrestrial,25,22,1,1,1,1
Soil nitrogen,%,Soil nitrogen,0.0232,0.0023,4,0.1006,0.0171,3,,Poplus alba,Robinia pseudoacacia,Medina-Villar et al. (2015),Medina-Villar et al. (2015)b,2015,40.94677778,-2.937694444,Observational,Forest,Terrestrial,21.5,25,1,1,1,1
Soil phosphorus,%,Soil phosphorus,0.1169,0.0171,3,0.1463,0.0287,3,,Fraxinus anustifola,Ailanthus altissima,Medina-Villar et al. (2015),Medina-Villar et al. (2015)a,2015,40.57530556,-3.229611111,Observational,Forest,Terrestrial,25,22,1,1,1,1
Soil phosphorus,%,Soil phosphorus,0.0628,0.0095,4,0.1505,0.0271,3,,Poplus alba,Robinia pseudoacacia,Medina-Villar et al. (2015),Medina-Villar et al. (2015)b,2015,40.94677778,-2.937694444,Observational,Forest,Terrestrial,21.5,25,1,1,1,1
Nitrogen concentration of soil,mmol per kilogram dry soil (0-15 cm),Soil Nitrogen,18.348,0.353,50,26.773,1.203,69,,Leucospermum parile,Acacia saligna,Musil et al (1993),Musil et al (1993),1993,-33.513919,18.549385,Observational,Scrub,Terrestrial,2.75,4,1,1,1,1
Soil phosphorus content,mmol per kilogram dry soil (0-15 cm),Soil phosphorus,0.129,0.009,50,0.16,0.01,69,,Leucospermum parile,Acacia saligna,Musil et al (1993),Musil et al (1993),1993,-33.513919,18.549385,Observational,Scrub,Terrestrial,2.75,4,1,1,1,1
Mean daily evapotranspiration,millimetres of water per day,Water supply,4.1565,0.3808,5,4.6442,0.3319,5,,Populus deltoides,Tamarix ramosissima,Nagler et al 2005,Nagler et al 2005a,2005,33.8,-106.9,Observational,Forest,Terrestrial,30,8,1,1,1,1
Mean daily evapotranspiration,millimetres of water per day,Water supply,5.1028,3.1712,5,0.371,0.2831,5,,Populus deltoides,Tamarix ramosissima,Nagler et al 2005,Nagler et al 2005b,2005,34.3,-106.8,Observational,Forest,Terrestrial,30,8,1,1,1,1
Soil organic carbon,grams of carbon per kilogram,Soil carbon,43.1,2.01246118,5,62.7,3.443544685,5,SE,Setaria plicata,Ageratina adenophora,Niu et al (2007),Niu et al (2007)a,2007,24.70394444,102.8801667,Observational,Forest,Terrestrial,0.875,1.5,0,0,0,NA
Total soil nitrogen,grams of nitrogen per kilogram,Soil Nitrogen,4.4,0.178885438,5,4.7,0.178885438,5,SE,Setaria plicata,Ageratina adenophora,Niu et al (2007),Niu et al (2007)a,2007,24.70394444,102.8801667,Observational,Forest,Terrestrial,0.875,1.5,0,0,0,NA
Soil nitrate,milligrams of nitrate per kilogram,Soil Nitrogen,14.44,0.939148551,5,32.5,2.146625258,5,SE,Setaria plicata,Ageratina adenophora,Niu et al (2007),Niu et al (2007)a,2007,24.70394444,102.8801667,Observational,Forest,Terrestrial,0.875,1.5,0,0,0,NA
Soil ammonia,milligrams of ammonia per kilogram,Soil Nitrogen,28.1,1.386362146,5,39.3,1.431083506,5,SE,Setaria plicata,Ageratina adenophora,Niu et al (2007),Niu et al (2007)a,2007,24.70394444,102.8801667,Observational,Forest,Terrestrial,0.875,1.5,0,0,0,NA
Total soil phosphorus,grams of phosphorus per kilogram,Soil phosphorus,0.6,0.02236068,5,0.6,0.031304952,5,SE,Setaria plicata,Ageratina adenophora,Niu et al (2007),Niu et al (2007)a,2007,24.70394444,102.8801667,Observational,Forest,Terrestrial,0.875,1.5,0,0,0,NA
Soil water content,percentage soil water content,Soil moisture,25.3,0.491934955,5,24.6,0.939148551,5,SE,Setaria plicata,Ageratina adenophora,Niu et al (2007),Niu et al (2007)a,2007,24.70394444,102.8801667,Observational,Forest,Terrestrial,0.875,1.5,0,0,0,NA
Soil organic matter,grams per kg of soil,Soil carbon,14.8191,0.9841,NA,10.1013,0.521,NA,,Retama raetam,Haloxylon persicum,Noumi (2015),Noumi (2015)a,2015,9.011666667,33.66555556,Observational,Desert,Terrestrial,3,4.75,1,1,1,1
Soil nitrogen,grams per kg of soil,Soil nitrogen,1.079,0.0472,NA,0.7997,0.0404,NA,,Retama raetam,Haloxylon persicum,Noumi (2015),Noumi (2015)a,2015,9.011666667,33.66555556,Observational,Desert,Terrestrial,3,4.75,1,1,1,1
Soil phosphorus,grams per kg of soil,Soil phosphorus,0.0704,0.0053,NA,0.036,0.0017,NA,,Retama raetam,Haloxylon persicum,Noumi (2015),Noumi (2015)a,2015,9.011666667,33.66555556,Observational,Desert,Terrestrial,3,4.75,1,1,1,1
Aboveground biomass,,Aboveground biomass,0.708925,0.156257138,20,0.480575,0.054350377,20,,Phragmites australis,Spartina alterniflora,Peng et al (2011),Peng et al (2011)a,2011,31.41666667,121.8333333,Observational,Coastal marsh,Aquatic,2,1.35,0,0,1,0
Aboveground biomass,,Aboveground biomass,244.38905,3.580123999,40,129.0636875,2.564227863,40,,Anthemis arvensis,Oxalis pes-caprae,Petsikos et al (2007),Petsikos et al (2007)a,2007,39.13333333,26.51666667,Observational,Forest,Terrestrial,0.35,0.225,0,0,1,1
Aboveground biomass,grams per metre squared,Aboveground biomass,138.55185,17.95442432,7,208.7871,14.492593,7,SE,Avena fatua,Cynara cardunculus,Potts et al (2008),Potts et al (2008)a,2008,33.38,-117.5,Observational,Grassland,Terrestrial,0.75,1.15,0,0,1,1
Evapotranspiration,millimols of carbon dioxide per metre squared per second,Water supply,1.822433333,0.097985968,7,2.302966667,0.21154662,7,SE,Avena fatua,Cynara cardunculus,Potts et al (2008),Potts et al (2008)a,2008,33.38,-117.5,Observational,Grassland,Terrestrial,0.75,1.15,0,0,1,1
Volumetric soil moisture,percentage,Soil moisture,14.82363333,1.099866769,7,17.06303333,1.119307906,7,SE,Avena fatua,Cynara cardunculus,Potts et al (2008),Potts et al (2008)a,2008,33.38,-117.5,Observational,Grassland,Terrestrial,0.75,1.15,0,0,1,1
Soil organic carbon,grams per kg of soil,Soil carbon,22.08,0.66,NA,26.92,0.67,NA,,Cynodon dactylon,Ambrosia artemisiifolia,Qin et al. (2014),Qin et al. (2014)a,2014,24.8,113.6,Observational,Grassland,Terrestrial,0.155,1,0,0,0,1
Soil organic carbon,grams per kg of soil,Soil carbon,21.83,0.54,NA,22.65,0.74,NA,,Toxicodendron vernicifluu,Ambrosia artemisiifolia,Qin et al. (2014),Qin et al. (2014)b,2014,24.8,113.6,Observational,Grassland,Terrestrial,20,1,1,0,1,1
Soil nitrogen,grams per kg of soil,Soil nitrogen,1.19,0.015,NA,1.37,0.041,NA,,Cynodon dactylon,Ambrosia artemisiifolia,Qin et al. (2014),Qin et al. (2014)a,2014,24.8,113.6,Observational,Grassland,Terrestrial,0.155,1,0,0,0,1
Soil nitrogen,grams per kg of soil,Soil nitrogen,1.14,0.061,NA,1.11,0.065,NA,,Toxicodendron vernicifluu,Ambrosia artemisiifolia,Qin et al. (2014),Qin et al. (2014)b,2014,24.8,113.6,Observational,Grassland,Terrestrial,20,1,1,0,1,1
Total phosphorus,grams per kg of soil,Soil phosphorus,0.28,0.0037,NA,0.53,0.016,NA,,Cynodon dactylon,Ambrosia artemisiifolia,Qin et al. (2014),Qin et al. (2014)a,2014,24.8,113.6,Observational,Grassland,Terrestrial,0.155,1,0,0,0,1
Total phosphorus,grams per kg of soil,Soil phosphorus,0.29,0.0026,NA,0.43,0.021,NA,NA,Toxicodendron vernicifluu,Ambrosia artemisiifolia,Qin et al. (2014),Qin et al. (2014)b,2014,24.8,113.6,Observational,Grassland,Terrestrial,20,1,1,0,1,1
Stand transpiration,mm per season,Water supply,270.0203,NA,NA,294.8253,NA,NA,,Pinus pinaster,Acacia longifola,Rascher et al. (2011),Rascher et al. (2011)a,2011,38.25,-8.766666667,Observational,Coastal dunes,Terrestrial,27.5,10,1,1,1,1
Soil nitrogen,percentage soil nitrogen,Soil nitrogen,0.272,0.001,10,0.253,0.005,10,SE,Andropogon gerardii,Andropogon bladhii,Reed et al (2005),Reed et al (2005)a,2005,39.098744,-96.606152,Observational,Grassland,Terrestrial,2,0.75,0,0,0,0
Soil carbon,percentage soil carbon,Soil carbon,3.63,0.21,10,3.36,0.091,10,SE,Andropogon gerardii,Andropogon bladhii,Reed et al (2005),Reed et al (2005)a,2005,39.098744,-96.606152,Observational,Grassland,Terrestrial,2,0.75,0,0,0,0
Soil Nitrogen pool,,Soil nitrogen,42.9386,4.3455,20,22.0804,1.9555,20,,Pleuraphis jamesii,Bromus tectorum,Rimer et al (2006),Rimer et al (2006)a,2006,38.044035,-109.734879,Observational,Grassland,Terrestrial,0.6,0.65,0,0,0,1
Inorganic nitrogen,,Soil nitrogen,58.9251,5.2292,20,26.5817,3.2923,20,,Pleuraphis jamesii,Bromus tectorum,Rimer et al (2006),Rimer et al (2006)a,2006,38.044035,-109.734879,Observational,Grassland,Terrestrial,0.6,0.65,0,0,0,1
Soil phosphorus,,Soil phosphorus,4.9,0.15,5,5.36,0.27,5,,Acer rubrum,Microstegium vimineum,Rodrigues et al. (2015),Rodrigues et al. (2015)a,2015,38.88553,-78.13844,Observational,Forest,Terrestrial,15,0.7,1,0,1,0
Soil phosphorus,,Soil phosphorus,6.66,0.12,5,6.69,0.2,5,,Panicum virgatum,Rhamnus davurica,Rodrigues et al. (2015),Rodrigues et al. (2015)b,2015,37.28108,-80.47523,Observational,Forest,Terrestrial,2.7,10,0,1,0,1
Soil phosphorus,,Soil phosphorus,6.67,0.31,5,6.29,12,5,,Liriodendron tulipifera,Alianthus altissima,Rodrigues et al. (2015),Rodrigues et al. (2015)c,2015,39.05923,-78.05428,Observational,Grassland,Terrestrial,27.5,22,1,1,1,1
Total soil nitrogen,,Soil Nitrogen,203.14565,1.056470371,20,172.57035,0.955469022,20,,Alloteropsis semialata,Andropogon gayanus,Rossiter-Racher et al (2009),Rossiter-Racher et al (2009)a,2009,-12.71666667,131.8166667,Observational,Savanna,Terrestrial,0.85,4,0,0,0,0
Soil NH4,,Soil Nitrogen,711.4875375,2.458972486,40,1084.968063,3.261525784,40,,Alloteropsis semialata,Andropogon gayanus,Rossiter-Racher et al (2009),Rossiter-Racher et al (2009)a,2009,-12.71666667,131.8166667,Observational,Savanna,Terrestrial,0.85,4,0,0,0,0
Soil NO3,,Soil Nitrogen,418.3619875,1.87504806,40,257.750075,1.443190858,40,NA,Alloteropsis semialata,Andropogon gayanus,Rossiter-Racher et al (2009),Rossiter-Racher et al (2009)a,2009,-12.71666667,131.8166667,Observational,Savanna,Terrestrial,0.85,4,0,0,0,0
Aboveground biomass,,Aboveground biomass,500,80,4,1522,464,4,,Sagittaria latifolia,Phragmites australis,Rothman et al (2007),Rothman et al (2007)a,2007,41.61666667,-83.23333333,Observational,Freshwater wetland,Aquatic,1.2,2,0,0,1,1
Belowground biomass,,Belowground biomass,345,121,4,866,167,4,,Sagittaria latifolia,Phragmites australis,Rothman et al (2007),Rothman et al (2007)a,2007,41.61666667,-83.23333333,Observational,Freshwater wetland,Aquatic,1.2,2,0,0,1,1
Soil carbon,,Soil carbon,24.6,1.4,20,23.8,2.4,20,,Sagittaria latifolia,Phragmites australis,Rothman et al (2007),Rothman et al (2007)a,2007,41.61666667,-83.23333333,Observational,Freshwater wetland,Aquatic,1.2,2,0,0,1,1
NO3,,Soil nitrogen,1.37,0.1222,4,1.7569,2.0149,4,,Schizachyrium scoparium,Sorghum halepense,Rout et al (2008),Rout et al (2008)a,2008,32.837121,-97.479286,Observational,Grassland,Terrestrial,0.675,0.325,0,0,0,0
Total soil carbon,grams per kg of soil,Soil carbon,35.466,1.796,47,42.366,1.398,78,SE,Cynodon dactylon,Arundo donax,Sarkhot et al. (2012),Sarkhot et al. (2012)a,2012,28.9587,-100.645,Observational,Grassland,Terrestrial,0.155,6,0,0,0,1
Soil carbon content,,Soil carbon,19.3405,1.6993,5,20.8492,1.6993,5,,Anthoxanthum odoratum,Pilosella officinarum,Scott et al (2001),Scott et al (2001)a,2001,-44.649116,170.403442,Observational,Grassland,Terrestrial,0.325,0.275,0,0,1,1
Soil nitrogen content,,Soil Nitrogen,1.6966,0.1701,5,1.8369,0.1701,5,,Anthoxanthum odoratum,Pilosella officinarum,Scott et al (2001),Scott et al (2001)a,2001,-44.649116,170.403442,Observational,Grassland,Terrestrial,0.325,0.275,0,0,1,1
Soil carbon content,,Soil carbon,40.605,3.5778,5,35.4948,3.5778,5,,Poa cita,Pilosella officinarum,Scott et al (2001),Scott et al (2001)a,2001,-44.649116,170.403442,Observational,Grassland,Terrestrial,0.7,0.275,0,0,1,1
Soil nitrogen content,,Soil Nitrogen,3.2572,0.2776,5,2.9409,0.2776,5,,Poa cita,Pilosella officinarum,Scott et al (2001),Scott et al (2001)a,2001,-44.649116,170.403442,Observational,Grassland,Terrestrial,0.7,0.275,0,0,1,1
Soil organic content,,Soil carbon,0.193,0.041012193,18,0.288,0.056568542,18,,Prosopis cineraria,Prosopis juliflora,Sharma et al (1998),Sharma et al (1998)a,1998,27.5,76,Observational,Mixed,Terrestrial,4,12,1,1,1,1
Soil moisture,percentage soil moisture,Soil moisture,4.169885185,0.086585937,15,4.389401852,0.088026303,15,,Oryzopsis hymenoides,Bromus tectorum,Sperry et al (2006),Sperry et al (2006)a,2006,38.333847,-109.877357,Observational,Grassland,Terrestrial,35.5,0.65,0,0,1,1
Soil ammonium,micrograms per gram of soil,Soil Nitrogen,4.470987037,0.15908029,15,5.543325185,0.166551674,15,,Oryzopsis hymenoides,Bromus tectorum,Sperry et al (2006),Sperry et al (2006)a,2006,38.333847,-109.877357,Observational,Grassland,Terrestrial,35.5,0.65,0,0,1,1
Soil nitrate,micrograms per gram of soil,Soil Nitrogen,1.058961111,0.043805321,15,1.421394444,0.055819449,15,,Oryzopsis hymenoides,Bromus tectorum,Sperry et al (2006),Sperry et al (2006)a,2006,38.333847,-109.877357,Observational,Grassland,Terrestrial,35.5,0.65,0,0,1,1
Soil nitrogen,thousands of kilograms per hectare,Soil Nitrogen,3.7281,0.3236,15,4.6315,0.1078,15,,Oryzopsis hymenoides,Bromus tectorum,Sperry et al (2006),Sperry et al (2006)a,2006,38.333847,-109.877357,Observational,Grassland,Terrestrial,35.5,0.65,0,0,1,1
Soil moisture,percentage soil moisture,Soil moisture,3.926553704,0.09230061,15,3.818787037,0.094608341,15,,Pleuraphis jamesii,Bromus tectorum,Sperry et al (2006),Sperry et al (2006)b,2006,38.333847,-109.877357,Observational,Grassland,Terrestrial,0.6,0.65,0,0,0,1
Soil ammonium,micrograms per gram of soil,Soil Nitrogen,5.166122222,0.135784271,15,5.10397963,0.122199085,15,,Pleuraphis jamesii,Bromus tectorum,Sperry et al (2006),Sperry et al (2006)b,2006,38.333847,-109.877357,Observational,Grassland,Terrestrial,0.6,0.65,0,0,0,1
Soil nitrate,micrograms per gram of soil,Soil Nitrogen,1.176024717,0.030430617,15,1.22065625,0.092956282,15,,Pleuraphis jamesii,Bromus tectorum,Sperry et al (2006),Sperry et al (2006)b,2006,38.333847,-109.877357,Observational,Grassland,Terrestrial,0.6,0.65,0,0,0,1
Soil nitrogen,thousands of kilograms per hectare,Soil Nitrogen,3.8225,0.4988,15,4.5236,0.31,15,,Pleuraphis jamesii,Bromus tectorum,Sperry et al (2006),Sperry et al (2006)b,2006,38.333847,-109.877357,Observational,Grassland,Terrestrial,0.6,0.65,0,0,0,1
Soil mineral nitrogen,micrograms per gram,Soil nitrogen,5.5809,2.1254,6,7.6418,0.9857,6,SE,Paspalum quadrifarium,Festuca arundinacea,Spirito et al (2014),Spirito et al (2014)a,2014,-35.93333333,-61.2,Experimental,Grassland,Terrestrial,2,1.125,0,0,0,1
Soil mineral nitrogen,micrograms per gram,Soil nitrogen,10.9514,2.0328,6,11.6569,1.0165,6,SE,Paspalum quadrifarium,Festuca arundinacea,Spirito et al (2014),Spirito et al (2014)a,2014,-35.93333333,-61.2,Experimental,Grassland,Terrestrial,2,1.125,0,0,0,1
Soil mineral nitrogen,micrograms per gram,Soil nitrogen,9.3911,1.2013,6,11.0207,1.6324,6,SE,Paspalum quadrifarium,Festuca arundinacea,Spirito et al (2014),Spirito et al (2014)a,2014,-35.93333333,-61.2,Experimental,Grassland,Terrestrial,2,1.125,0,0,0,1
Soil gravimetric water,%,Soil moisture,22.3193,1.9785,6,13.0865,0.7903,6,SE,Paspalum quadrifarium,Festuca arundinacea,Spirito et al (2014),Spirito et al (2014)a,2014,-35.93333333,-61.2,Experimental,Grassland,Terrestrial,2,1.125,0,0,0,1
Soil gravimetric water,%,Soil moisture,35.1158,1.8789,6,27.8608,2.1755,6,SE,Paspalum quadrifarium,Festuca arundinacea,Spirito et al (2014),Spirito et al (2014)a,2014,-35.93333333,-61.2,Experimental,Grassland,Terrestrial,2,1.125,0,0,0,1
Soil gravimetric water,%,Soil moisture,17.0609,1.0862,6,13.4639,1.3844,6,,Paspalum quadrifarium,Festuca arundinacea,Spirito et al (2014),Spirito et al (2014)a,2014,-35.93333333,-61.2,Experimental,Grassland,Terrestrial,2,1.125,0,0,0,1
Soil moisture,kg per kg of soil,Soil moisture,0.082,0.006,NA,0.087,NA,NA,,Artemisia tridentata,Bromus tectorum,Stark and Norton (2015),Stark and Norton (2015)a,2015,39.90333333,-108.4008333,Experimental,Scrub,Terrestrial,1.75,0.65,1,0,1,1
Soil NH4,milligrams per kg of soil,Soil nitrogen,2.51,0.14,NA,2.42,NA,NA,,Artemisia tridentata,Bromus tectorum,Stark and Norton (2015),Stark and Norton (2015)a,2015,39.90333333,-108.4008333,Experimental,Scrub,Terrestrial,1.75,0.65,1,0,1,1
Soil No3,milligrams per kg of soil,Soil nitrogen,0.51,0.05,NA,0.46,NA,NA,SE,Artemisia tridentata,Bromus tectorum,Stark and Norton (2015),Stark and Norton (2015)a,2015,39.90333333,-108.4008333,Experimental,Scrub,Terrestrial,1.75,0.65,1,0,1,1
Total soil carbon,,Soil carbon,22.21,3.2,6,17.24,3.56,6,,Acer rubrum,Microstegium vimineum,Strickland et al (2010),Strickland et al (2010)a,2010,33.88783333,-88.6345,Observational,Forest,Terrestrial,15,0.7,1,0,1,0
Soil moisture,%,Soil moisture,30.56,2.066,3,32.89,2.22,3,SE,Quercus alba,Microstegium vimineum,"Tekiela and 
Barney (2015)","Tekiela and 
Barney (2015)a",2015,37.281008,-80.475236,Observational,Forest,Terrestrial,27,0.7,1,0,1,0
Soil organic matter,%,Soil carbon,5.559,0.709,3,4.781,0.5798,3,SE,Quercus alba,Microstegium vimineum,"Tekiela and 
Barney (2015)","Tekiela and 
Barney (2015)a",2015,37.281008,-80.475236,Observational,Forest,Terrestrial,27,0.7,1,0,1,0
Soil nitrogen,%,Soil nitrogen,0.2167,0.0288,3,0.2131,0.0271,3,SE,Quercus alba,Microstegium vimineum,"Tekiela and 
Barney (2015)","Tekiela and 
Barney (2015)a",2015,37.281008,-80.475236,Observational,Forest,Terrestrial,27,0.7,1,0,1,0
Soil phosphorus,ppm,Soil phosphorus,2.318,0.1527,3,2.227,0.1127,3,SE,Quercus alba,Microstegium vimineum,"Tekiela and 
Barney (2015)","Tekiela and 
Barney (2015)a",2015,37.281008,-80.475236,Observational,Forest,Terrestrial,27,0.7,1,0,1,0
Soil nitrogen content,%,Soil nitrogen,0.0839,0.0073,3,0.1019,0.0072,3,SE,Acrachne racemosa,Parthenium hysterophorus,"Timsina and 
Shrestha (2011)","Timsina and 
Shrestha (2011)a",2011,28.125761,84.717856,Observational,Grassland,Terrestrial,0.45,0.6,0,0,1,1
Soil organic matter content,%,Soil carbon,1.2402,0.1168,3,1.5322,0.1015,3,SE,Acrachne racemosa,Parthenium hysterophorus,"Timsina and 
Shrestha (2011)","Timsina and 
Shrestha (2011)a",2011,28.125761,84.717856,Observational,Grassland,Terrestrial,0.45,0.6,0,0,1,1
Soil phosphorus,kg per hectare,Soil phosphorus,121.0872,9.8684,3,291.0985,48.3803,3,SE,Acrachne racemosa,Parthenium hysterophorus,"Timsina and 
Shrestha (2011)","Timsina and 
Shrestha (2011)a",2011,28.125761,84.717856,Observational,Grassland,Terrestrial,0.45,0.6,0,0,1,1
Total organic carbon,grams per kg of soil,Soil carbon,22.062,2.004,3,19.3,1.176,3,SE,Phragmites australis,Spartina alterniflora,Tong et al. (2012),Tong et al. (2012)a,2012,26.01,119.57,Observational,Coastal marsh,Aquatic,2,1.35,0,0,1,0
Total organic carbon,grams per kg of soil,Soil carbon,19.714,0.702,3,19.3,1.176,3,,Cyperus malaccensis,Spartina alterniflora,Tong et al. (2012),Tong et al. (2012)a,2012,26.01,119.57,Observational,Coastal marsh,Aquatic,1,1.35,0,0,0,0
Soil carbon,percentage soil carbon,Soil carbon,2.30925,1.790407502,15,2.29875,1.385874751,15,,Urtica dioica,Mimulus guttatus,Truscott et al (2008),Truscott et al (2008)a,2008,57.13333333,-2.633333333,Experimental,River,Aquatic,1.5,0.45,0,0,1,1
Soil nitrogen,percentage soil nitrogen,Soil Nitrogen,0.16875,0.462281229,15,0.1715,0.357831322,15,,Urtica dioica,Mimulus guttatus,Truscott et al (2008),Truscott et al (2008)a,2008,57.13333333,-2.633333333,Experimental,River,Aquatic,1.5,0.45,0,0,1,1
Soil moisture,percentage soil moisture,Soil moisture,35.64055,0.1193605,15,36.1735,0.09239165,15,,Urtica dioica,Mimulus guttatus,Truscott et al (2008),Truscott et al (2008)a,2008,57.13333333,-2.633333333,Experimental,River,Aquatic,1.5,0.45,0,0,1,1
Soil carbon,percentage soil carbon,Soil carbon,1.74375,1.457135351,15,2.138,1.367445627,15,,Urtica dioica,Mimulus guttatus,Truscott et al (2008),Truscott et al (2008)b,2008,57.13333333,-2.633333333,Experimental,River,Aquatic,1.5,0.45,0,0,1,1
Soil nitrogen,percentage soil nitrogen,Soil Nitrogen,0.12665,0.37623073,15,0.1551,0.353072943,15,,Urtica dioica,Mimulus guttatus,Truscott et al (2008),Truscott et al (2008)b,2008,57.13333333,-2.633333333,Experimental,River,Aquatic,1.5,0.45,0,0,1,1
Soil moisture,percentage soil moisture,Soil moisture,36.0152,0.097142357,15,41.29845,0.091163042,15,,Urtica dioica,Mimulus guttatus,Truscott et al (2008),Truscott et al (2008)b,2008,57.13333333,-2.633333333,Experimental,River,Aquatic,1.5,0.45,0,0,1,1
Community biomass,Aboveground biomass,Aboveground biomass,0.25,0.290688837,5,0.89,0.223606798,5,SE,Agrostis stolonifera,Solidago gigantea,Vanderhoeven et al (2005),Vanderhoeven et al (2005)a,2005,50.895427,4.416804,Observational,Grassland,Terrestrial,0.7,2,0,0,1,1
Soil nitrogen,Soil nitrogen content,Soil nitrogen,0.14,0.02236068,5,0.15,0.067082039,5,SE,Agrostis stolonifera,Solidago gigantea,Vanderhoeven et al (2005),Vanderhoeven et al (2005)a,2005,50.895427,4.416804,Observational,Grassland,Terrestrial,0.7,2,0,0,1,1
Soil phosphorus,Soil phosphorus content,Soil phosphorus,68.2,54.78366545,5,97.9,51.20595668,5,SE,Agrostis stolonifera,Solidago gigantea,Vanderhoeven et al (2005),Vanderhoeven et al (2005)a,2005,50.895427,4.416804,Observational,Grassland,Terrestrial,0.7,2,0,0,1,1
Soil nitrogen,Soil nitrogen content,Soil nitrogen,0.02,0.02236068,5,0.04,0.02236068,5,SE,Arrhenatherum elatius,Prunus serotina,Vanderhoeven et al (2005),Vanderhoeven et al (2005)b,2005,50.895427,4.416804,Observational,Wasteland,Terrestrial,1.5,29,0,1,1,1
Soil phosphorus,Soil phosphorus content,Soil phosphorus,39.8,20.1246118,5,29.5,22.13707298,5,SE,Arrhenatherum elatius,Prunus serotina,Vanderhoeven et al (2005),Vanderhoeven et al (2005)b,2005,50.895427,4.416804,Observational,Wasteland,Terrestrial,1.5,29,0,1,1,1
Soil nitrogen,Soil nitrogen content,Soil nitrogen,0.15,0.04472136,5,0.16,0.04472136,5,SE,Carex arenaria,Rosa rugosa,Vanderhoeven et al (2005),Vanderhoeven et al (2005)c,2005,50.895427,4.416804,Observational,Coastal dune,Terrestrial,0.4,1.25,0,1,1,1
Soil phosphorus,Soil phosphorus content,Soil phosphorus,108.2,27.05642253,5,122,28.84527691,5,SE,Carex arenaria,Rosa rugosa,Vanderhoeven et al (2005),Vanderhoeven et al (2005)c,2005,50.895427,4.416804,Observational,Coastal dune,Terrestrial,0.4,1.25,0,1,1,1
Soil nitrogen,Soil nitrogen content,Soil nitrogen,0.31,0.245967478,5,0.22,0.089442719,5,SE,Arrhenatherum elatius,Fallopia japonica,Vanderhoeven et al (2005),Vanderhoeven et al (2005)d,2005,50.895427,4.416804,Observational,Forest,Terrestrial,1.5,3.5,0,0,1,1
Soil phosphorus,Soil phosphorus content,Soil phosphorus,62.6,32.64659247,5,93,38.68397601,5,SE,Arrhenatherum elatius,Fallopia japonica,Vanderhoeven et al (2005),Vanderhoeven et al (2005)d,2005,50.895427,4.416804,Observational,Forest,Terrestrial,1.5,3.5,0,0,1,1
Community biomass,Aboveground biomass,Aboveground biomass,0.56,0.670820393,5,2.39,1.587608264,5,SE,Arrhenatherum elatius,Fallopia japonica,Vanderhoeven et al (2005),Vanderhoeven et al (2005)e,2005,50.895427,4.416804,Observational,Wasteland,Terrestrial,1.5,3.5,0,0,1,1
Soil nitrogen,Soil nitrogen content,Soil nitrogen,0.26,0.178885438,5,0.28,0.111803399,5,SE,Rubus fruticosus,Fallopia japonica,Vanderhoeven et al (2005),Vanderhoeven et al (2005)e,2005,50.895427,4.416804,Observational,Wasteland,Terrestrial,5,3.5,1,0,1,1
Soil phosphorus,Soil phosphorus content,Soil phosphorus,169.7,55.00727225,5,257.7,268.9989777,5,SE,Rubus fruticosus,Fallopia japonica,Vanderhoeven et al (2005),Vanderhoeven et al (2005)e,2005,50.895427,4.416804,Observational,Wasteland,Terrestrial,5,3.5,1,0,1,1
Community biomass,Aboveground biomass,Aboveground biomass,0.39,0.335410197,5,1.65,1.788854382,5,SE,Rubus fruticosus,Fallopia japonica,Vanderhoeven et al (2005),Vanderhoeven et al (2005)f,2005,50.895427,4.416804,Observational,Pond bank,Terrestrial,5,3.5,1,0,1,1
Soil nitrogen,Soil nitrogen content,Soil nitrogen,0.35,0.089442719,5,0.34,0.894427191,5,SE,Petasites hybridus,Fallopia japonica,Vanderhoeven et al (2005),Vanderhoeven et al (2005)f,2005,50.895427,4.416804,Observational,Pond bank,Terrestrial,1,3.5,0,0,1,1
Soil phosphorus,Soil phosphorus content,Soil phosphorus,116.8,266.7629097,5,170.1,115.6047144,5,SE,Petasites hybridus,Fallopia japonica,Vanderhoeven et al (2005),Vanderhoeven et al (2005)f,2005,50.895427,4.416804,Observational,Pond bank,Terrestrial,1,3.5,0,0,1,1
Soil nitrogen,Soil nitrogen content,Soil nitrogen,0.52,0.313049517,5,0.45,0.424852916,5,SE,Urtica dioica,Heracleum mantegazzianum,Vanderhoeven et al (2005),Vanderhoeven et al (2005)g,2005,50.895427,4.416804,Observational,Grassland,Terrestrial,1.5,3.75,0,0,1,1
Soil phosphorus,Soil phosphorus content,Soil phosphorus,187.1,209.5195695,5,322.5,125.6670203,5,SE,Urtica dioica,Heracleum mantegazzianum,Vanderhoeven et al (2005),Vanderhoeven et al (2005)g,2005,50.895427,4.416804,Observational,Grassland,Terrestrial,1.5,3.75,0,0,1,1
Soil nitrogen,Soil nitrogen content,Soil nitrogen,0.24,0.111803399,5,0.25,0.089442719,5,SE,Urtica dioica,Heracleum mantegazzianum,Vanderhoeven et al (2005),Vanderhoeven et al (2005)h,2005,50.895427,4.416804,Observational,Scrub,Terrestrial,1.5,3.75,0,0,1,1
Soil phosphorus,Soil phosphorus content,Soil phosphorus,105.9,94.36206865,5,109.9,31.30495168,5,SE,Urtica dioica,Heracleum mantegazzianum,Vanderhoeven et al (2005),Vanderhoeven et al (2005)h,2005,50.895427,4.416804,Observational,Scrub,Terrestrial,1.5,3.75,0,0,1,1
Soil Organic matter,percentage soil organic matter,Soil carbon,3.7,0.491934955,20,5.15,0.424852916,20,SE,Pinus rigida,Robinia pseudoacacia,Von Holle et al (2006),Holle et al (2006)a,2006,41.935998,-70.044708,Observational,Forest,Terrestrial,18,25,1,1,1,1
Soil Phosphorus,Soil phosphorus parts per million,Soil phosphorus,23.5,3.331741286,20,89,26.67629097,20,SE,Pinus rigida,Robinia pseudoacacia,Von Holle et al (2006),Holle et al (2006)a,2006,41.935998,-70.044708,Observational,Forest,Terrestrial,18,25,1,1,1,1
Soil nitrogen,percentage soil nitrogen,Soil Nitrogen,0.14,0.02236068,20,0.27,0.02236068,20,SE,Pinus rigida,Robinia pseudoacacia,Von Holle et al (2006),Holle et al (2006)a,2006,41.935998,-70.044708,Observational,Forest,Terrestrial,18,25,1,1,1,1
Soil organic matter,percentage organic matter,Soil carbon,83.65,3.630812581,9,79.11666667,3.708341948,9,SE,Spartina patens,Phragmites australis,Windham et al (2003),Windham et al (2003)a,2003,39.576619,-74.331007,Observational,Coastal marsh,Aquatic,0.45,2,0,0,0,1
Soil moisture,,Soil moisture,80.8,3.348790827,9,75.91666667,4.537862933,9,SE,Spartina patens,Phragmites australis,Windham et al (2003),Windham et al (2003)a,2003,39.576619,-74.331007,Observational,Coastal marsh,Aquatic,0.45,2,0,0,0,1
Soil nitrogen,,Soil nitrogen,1.656166667,0.336749165,9,1.673333333,0.364965752,9,SE,Spartina patens,Phragmites australis,Windham et al (2003),Windham et al (2003)a,2003,39.576619,-74.331007,Observational,Coastal marsh,Aquatic,0.45,2,0,0,0,1
Available ammonium,mEq per 100g soil,Soil Nitrogen,0.068,0.0026,71,0.036,0.0045,71,,Muhlenbergia montana,Melilotus officinalis,Wolf et al (2004),Wolf et al (2004)a,2004,40.35,-105.5841064,Observational,Grassland,Terrestrial,0.25,1.5,0,0,0,1
Available nitrate,mEq per 100g soil,Soil Nitrogen,0.1405,0.0308,72,0.121233333,0.0161,72,,Muhlenbergia montana,Melilotus officinalis,Wolf et al (2004),Wolf et al (2004)a,2004,40.35,-105.5841064,Observational,Grassland,Terrestrial,0.25,1.5,0,0,0,1
Gravimetric soil moisture,Percentage soil weight,Soil moisture,10.690675,2.7628,12,8.31535,2.2911,12,,Muhlenbergia montana,Melilotus officinalis,Wolf et al (2004),Wolf et al (2004)a,2004,40.35,-105.5841064,Observational,Grassland,Terrestrial,0.25,1.5,0,0,0,1
Soil nitrate content,milligrams of nitrate per square metre,Soil Nitrogen,311.6531,10.8401,12,615.1762,184.2818,12,,Protea scolymocephela,Acacia saligna,Yelenik et al (2007),Yelenik et al (2007)a,2007,-33.497101,18.589897,Observational,Scrub,Terrestrial,1,4,1,1,1,1
Soil ammonium content,milligrams of ammonium per square metre,Soil Nitrogen,535.563,65.7927,12,1447.8847,328.8052,12,,Protea scolymocephela,Acacia saligna,Yelenik et al (2007),Yelenik et al (2007)a,2007,-33.497101,18.589897,Observational,Scrub,Terrestrial,1,4,1,1,1,1
Total soil nitrogen content,milligrams of nitrogen per gram of soil,Soil Nitrogen,0.0874,0.0164,12,0.8775,0.1531,12,,Protea scolymocephela,Acacia saligna,Yelenik et al (2007),Yelenik et al (2007)a,2007,-33.497101,18.589897,Observational,Scrub,Terrestrial,1,4,1,1,1,1
Soil organic matter content,percentage organic matter,Soil carbon,0.8,0.02,12,2.5,0.34,12,,Protea scolymocephela,Acacia saligna,Yelenik et al (2007),Yelenik et al (2007)a,2007,-33.497101,18.589897,Observational,Scrub,Terrestrial,1,4,1,1,1,1
Soil nitrate content,milligrams of nitrate per square metre,Soil nitrogen,344.1734,108.4011,12,1048.7805,130.0813,12,,Cynodon dactylon,Lupinus luteus,Yelenik et al (2007),Yelenik et al (2007)b,2007,-33.497101,18.589897,Observational,Grassland,Terrestrial,0.155,1.5,0,0,0,1
Soil ammonium content,milligrams of ammonium per square metre,Soil nitrogen,1154.7727,252.0535,12,1519.152,131.5855,12,,Cynodon dactylon,Lupinus luteus,Yelenik et al (2007),Yelenik et al (2007)b,2007,-33.497101,18.589897,Observational,Grassland,Terrestrial,0.155,1.5,0,0,0,1
Total soil nitrogen content,milligrams of nitrogen per gram of soil,Soil nitrogen,0.3936,0.0875,12,0.38,0.1039,12,,Cynodon dactylon,Lupinus luteus,Yelenik et al (2007),Yelenik et al (2007)b,2007,-33.497101,18.589897,Observational,Grassland,Terrestrial,0.155,1.5,0,0,0,1
Soil organic matter content,percentage organic matter,Soil carbon,1.4,0.28,12,1.1,0.29,12,,Cynodon dactylon,Lupinus luteus,Yelenik et al (2007),Yelenik et al (2007)b,2007,-33.497101,18.589897,Observational,Grassland,Terrestrial,0.155,1.5,0,0,0,1
