ES_UI,SE_UI,SS_UI,ES_I,SE_I,SS_I,Service,Serv_type,Level of organisation,Rel_ES,Final_service,UI_Rich,I_Rich,Lat,Long,Ecosystem,IS_LF,NS_LF,SiteID,StudyID
1.11,0.15,3,2.09,0.23,5,Yes,Belowground carbon storage,Intermediate Service,Positively,Climate regulation,-9999,-9999,40.65,-8.733333333,Coastal dune,Tree,NA,Marchante et al (2008)a,Marchante et al (2008)
10.690675,2.7628,12,8.31535,2.2911,12,Yes,Water infiltration,Intermediate Service,Positively,Water provision,-9999,-9999,40.35,-105.5841064,Grassland,Forb,Grass,Wolf et al (2004)a,Wolf et al (2004)
0.1405,0.0308,72,0.121233333,0.0161,72,Yes,Maintenance of water quality,Intermediate Service,negatively,,-9999,-9999,40.35,-105.5841064,Grassland,Forb,Grass,Wolf et al (2004)a,Wolf et al (2004)
42.5,0.089442719,5,51.1,0.178885438,5,Yes,Aboveground carbon storage,Intermediate Service,Positively,Climate regulation,-9999,-9999,28.85,120.9166667,Mixed,Forb,NA,Zhang et al (2009)a,Zhang et al (2009)
1,0.06,5,0.93,0.12,5,Yes,Maintenance of water quality,Intermediate Service,negatively,,-9999,-9999,19.41972222,-154.9538889,Forest,Tree,Tree,Allison et al 2006c,Allison et al 2006
1.98,0.554,5,2.85,0.881,5,Yes,Belowground carbon storage,Intermediate Service,Positively,Climate regulation,6,10,45.663007,-84.423323,Wetland,Grass,Grass,Angeloni et al 2006a,Angeloni et al 2006
26.6,2.03,5,33.9,2.76,5,Yes,Water infiltration,Intermediate Service,Positively,Water provision,6,10,45.663007,-84.423323,Wetland,Grass,Grass,Angeloni et al 2006a,Angeloni et al 2006
290,12.34952226,3,354.8,33.42858059,3,Yes,Aboveground carbon storage,Intermediate Service,Positive,Climate regulation,6,10,45.663007,-84.423323,Wetland,Grass,Grass,Angeloni et al 2006a,Angeloni et al 2006
177.3,4.867062769,3,571.1,47.97780737,3,Yes,Belowground carbon storage,Intermediate Service,Positive,Climate regulation,6,10,45.663007,-84.423323,Wetland,Grass,Grass,Angeloni et al 2006a,Angeloni et al 2006
0.37083,0.0969,5,0.65545,0.11637,5,Yes,Maintenance of water quality,Intermediate Service,negatively,,6,10,45.663007,-84.423323,Wetland,Grass,Grass,Angeloni et al 2006a,Angeloni et al 2006
0.09931,0.02703,5,0.2146,0.0875,5,Yes,Maintenance of water quality,Intermediate Service,negatively,,6,10,45.663007,-84.423323,Wetland,Grass,Grass,Angeloni et al 2006a,Angeloni et al 2006
4.35175,1.0032,25,6.06655,1.2829,25,Yes,Maintenance of water quality,Intermediate Service,negatively,,-9999,-9999,21.125,-156.9583333,Scrub,Grass,Shrub,Asner et al (1996)a,Asner at al (1996)
15,8,25,19,6,25,Yes,Water infiltration,Intermediate Service,Positively,Water provision,-9999,-9999,21.125,-156.9583333,Scrub,Grass,Shrub,Asner et al (1996)a,Asner at al (1996)
0.5217,0.2235,18,10.5466,4.6956,18,Yes,Maintenance of water quality,Intermediate Service,Negatively,Maintenance of water quality,-9999,-9999,37.69027778,-89.25388889,Grassland,Shrub,Grass,Baer et al 2006a,Baer et al 2006
3255.8,164.868766,12,3070.4,73.36818111,12,Yes,Belowground carbon storage,Intermediate Service,Positively,Climate regulation,-9999,-9999,37.69027778,-89.25388889,Grassland,Shrub,Grass,Baer et al 2006a,Baer et al 2006
41.41,10.07676039,12,25.77,4.949555536,12,Yes,Belowground carbon storage,Intermediate Service,Positively,Climate regulation,-9999,-9999,37.69027778,-89.25388889,Grassland,Shrub,Grass,Baer et al 2006a,Baer et al 2006
2.534251282,22.47710053,3,1.902369231,16.11833409,3,Yes,Carbon sequestration,Intermediate Service,Positively,Climate regulation,-9999,-9999,37.69027778,-89.25388889,Grassland,Shrub,Grass,Baer et al 2006a,Baer et al 2006
14.6525,0.716376214,12,14.0732,0.716376214,12,Yes,Water infiltration,Intermediate Service,Positively,Water provision,-9999,-9999,34.83333333,-114.5833333,Forest,Tree,Shrub,Busch et al 1995a,Busch et al 1995
2601.3,411.7,24,2440.3,308.2,24,Yes,Maintenance of water quality,Intermediate Service,Negatively,Maintenance of water quality,-9999,-9999,34.83333333,-114.5833333,Forest,Tree,Shrub,Busch et al 1995a,Busch et al 1995
92,19,24,105.3,14,24,Yes,Maintenance of water quality,Intermediate Service,Negatively,Maintenance of water quality,-9999,-9999,34.83333333,-114.5833333,Forest,Tree,Shrub,Busch et al 1995a,Busch et al 1995
4022.4,566.4,24,3595.2,422.4,24,Yes,Maintenance of water quality,Intermediate Service,Negatively,Maintenance of water quality,-9999,-9999,34.83333333,-114.5833333,Forest,Tree,Shrub,Busch et al 1995a,Busch et al 1995
3.7,0.7,24,5.2,0.5,24,Yes,Maintenance of water quality,Intermediate Service,Negatively,Maintenance of water quality,-9999,-9999,34.83333333,-114.5833333,Forest,Tree,Shrub,Busch et al 1995a,Busch et al 1995
0.1,0.1,24,0.2,0.1,24,Yes,Maintenance of water quality,Intermediate Service,Negatively,Maintenance of water quality,-9999,-9999,34.83333333,-114.5833333,Forest,Tree,Shrub,Busch et al 1995a,Busch et al 1995
340,145,10,96,26,10,Yes,Aboveground carbon storage,Intermediate Service,Positively,Climate regulation,3,1,41,-117.58,Scrub,Grass,Shrub,Bradley et al 2006b,Bradley et al 2006
1.03,0.037,40,1.37,0.04,40,Yes,Belowground carbon storage,Intermediate Service,Positively,Climate regulation,3,1,41,-117.58,Scrub,Grass,Shrub,Bradley et al 2006b,Bradley et al 2006
670,290,10,22,2,10,Yes,Aboveground carbon storage,Intermediate Service,Positively,Climate regulation,2,1,40.99,-117.86,Scrub,Grass,Shrub,Bradley et al 2006c,Bradley et al 2006
0.85,0.034,40,0.8,0.034,40,Yes,Belowground carbon storage,Intermediate Service,Positively,Climate regulation,2,1,40.99,-117.86,Scrub,Grass,Shrub,Bradley et al 2006c,Bradley et al 2006
127,19,5,158,19,5,Yes,Belowground carbon storage,Intermediate Service,Positive,Climate regulation,-9999,-9999,39.33536,-123.800812,Grassland,Grass,Grass,Caldwell 2006a,Caldwell 2006
59.9,0.93,5,73.4,0.57,5,Yes,Belowground carbon storage,Intermediate Service,Positively,Climate regulation,-9999,-9999,39.33536,-123.800812,Grassland,Grass,Grass,Caldwell 2006a,Caldwell 2006
24.4,1.4,5,20.1,2.4,5,Yes,Maintenance of water quality,Intermediate Service,negatively,,-9999,-9999,39.33536,-123.800812,Grassland,Grass,Grass,Caldwell 2006a,Caldwell 2006
24.73333333,4.550549417,4,21.8,3.990927211,4,Yes,Water provision,Intermediate Service,Positively,Water provision,-9999,-9999,40.56666667,-3.2,Forest,Tree,Tree,Castro Diez et al 2009a,Castro Diez et al 2009
23,1.809696107,4,18.7,2.316246964,4,Yes,Water provision,Intermediate Service,Positively,Water provision,-9999,-9999,40.56666667,-3.2,Forest,Tree,Tree,Casto Diez et al 2009b,Castro Diez et al 2009
4.333333333,0.524404424,4,4.3,0.806225775,4,Yes,Belowground carbon storage,Intermediate Service,Positive,Climate regulation,-9999,-9999,40.56666667,-3.2,Forest,Tree,Tree,Casto Diez et al 2009b,Castro Diez et al 2009
28.9449,2.677699189,4,28.18046667,3.91183806,4,Yes,Maintenance of water quality,Intermediate Service,negatively,,-9999,-9999,40.56666667,-3.2,Forest,Tree,Tree,Castro Diez et al 2009a,Castro Diez et al 2009
1.404666667,0.104109805,4,1.5073,0.117675975,4,Yes,Maintenance of water quality,Intermediate Service,negatively,,-9999,-9999,40.56666667,-3.2,Forest,Tree,Tree,Castro Diez et al 2009a,Castro Diez et al 2009
0.123566667,0.007051618,4,0.164266667,0.007527471,4,Yes,Maintenance of water quality,Intermediate Service,negatively,,-9999,-9999,40.56666667,-3.2,Forest,Tree,Tree,Castro Diez et al 2009a,Castro Diez et al 2009
18.8896,1.390717276,4,31.02166667,1.484925047,4,Yes,Maintenance of water quality,Intermediate Service,negatively,,-9999,-9999,40.56666667,-3.2,Forest,Tree,Tree,Casto Diez et al 2009b,Castro Diez et al 2009
20.0727,1.272959731,4,18.04346667,1.186430906,4,Yes,Maintenance of water quality,Intermediate Service,negatively,,-9999,-9999,40.56666667,-3.2,Forest,Tree,Tree,Casto Diez et al 2009b,Castro Diez et al 2009
1.7,0.1,3,8.6,1,3,Yes,Aboveground carbon storage,Intermediate Service,Negatively,Protection from fire,-9999,-9999,-13.15,130.65,Forest,Grass,Grass,Douglas et al 2004a,Douglas et al 2004
1.7,0.1,3,8.6,1,3,Yes,Aboveground carbon storage,Intermediate Service,Positively,Climate regulation,-9999,-9999,-13.15,130.65,Forest,Grass,Grass,Douglas et al 2004a,Douglas et al 2004
81.2,1.7,5,71.8,2.3,5,Yes,Maintenance of water quality,Intermediate Service,negatively,,-9999,-9999,-13.15,130.65,Forest,Grass,Grass,Douglas et al 2004a,Douglas et al 2004
1.6,0.1,6,1.3,0.05,6,Yes,Maintenance of water quality,Intermediate Service,negatively,,,,38.925229,-122.412415,Grassland,Grass,,Drenovsky et al 2007a,Drenovsky et al 2007
7.5,0.4,6,4.8,0.2,6,Yes,Maintenance of water quality,Intermediate Service,negatively,,,,38.925229,-122.412415,Grassland,Grass,,Drenovsky et al 2007a,Drenovsky et al 2007
236.9497,19.1874,6,463.3428,36.628,6,Yes,Aboveground carbon storage,Intermediate Service,Positively,Climate regulation,,,38.925229,-122.412415,Grassland,Grass,,Drenovsky et al 2007a,Drenovsky et al 2007
83.8377,5.4119,6,94.4175,7.8562,6,Yes,Belowground carbon storage,Intermediate Service,Positively,Climate regulation,,,38.925229,-122.412415,Grassland,Grass,,Drenovsky et al 2007a,Drenovsky et al 2007
0.1347,0.0064,4,0.1228,0.0082,4,Yes,Maintenance of water quality,Intermediate Service,negatively,,-9999,-9999,42.22302,3.085184,Grassland,Grass,Grass,Domenech et al 2006b,Domenech et al 2006
0.1429,0.0059,4,0.1209,0.0038,4,Yes,Maintenance of water quality,Intermediate Service,negatively,,-9999,-9999,42.22302,3.085184,Grassland,Grass,Grass,Domenech et al 2006c,Domenech et al 2006
5.8,0.195,4,8.81,0.51,4,Yes,Belowground carbon storage,Intermediate Service,Positively,Climate regulation,-9999,-9999,23.16666667,112.1666667,Forest,Forb,NA,Chen et al 2009a,Chen et al 2009
0.79,0.03,4,1.32,0.075,4,Yes,Maintenance of water quality,Intermediate Service,negatively,,-9999,-9999,23.16666667,112.1666667,Forest,Forb,NA,Chen et al 2009a,Chen et al 2009
2.4,0.122474487,6,2.8,0.122474487,6,Yes,Carbon sequestration,Intermediate Service,Negatively,Climate regulation,8,1,50.85,4.416667,Grassland,Forb,Grass,Chapuis-Lardy et al 2006a,Chapuis-Lardy et al 2006
3.01,0.326598632,6,3.91,0.367423461,6,Yes,Belowground carbon storage,Intermediate Service,Positively,Climate regulation,8,1,50.85,4.416667,Grassland,Forb,Grass,Chapuis-Lardy et al 2006a,Chapuis-Lardy et al 2006
0.17,0.020412415,6,0.22,0.016329932,6,Yes,Maintenance of water quality,Intermediate Service,negatively,,8,1,50.85,4.416667,Grassland,Forb,Grass,Chapuis-Lardy et al 2006a,Chapuis-Lardy et al 2006
357,43.68256708,6,917,62.05374015,6,Yes,Aboveground carbon storage,Intermediate Service,Positively,Climate regulation,8,1,50.85,4.416667,Grassland,Forb,Grass,Chapuis-Lardy et al 2006a,Chapuis-Lardy et al 2006
2,0.081649658,6,2.5,0.163299316,6,Yes,Carbon sequestration,Intermediate Service,Negatively,Climate regulation,8,1,50.865778,4.469376,Grassland,Forb,Grass,Chapuis-Lardy et al 2006b,Chapuis-Lardy et al 2006
1.48,0.065319726,6,1.8,0.220454077,6,Yes,Belowground carbon storage,Intermediate Service,Positively,Climate regulation,8,1,50.865778,4.469376,Grassland,Forb,Grass,Chapuis-Lardy et al 2006b,Chapuis-Lardy et al 2006
252,51.4392846,6,891,41.64132563,6,Yes,Aboveground carbon storage,Intermediate Service,Positively,Climate regulation,8,1,50.865778,4.469376,Grassland,Forb,Grass,Chapuis-Lardy et al 2006b,Chapuis-Lardy et al 2006
2.7,0.081649658,6,2.9,0.081649658,6,Yes,Carbon sequestration,Intermediate Service,Negatively,Climate regulation,8,1,50.453569,3.819122,Grassland,Forb,Grass,Chapuis-Lardy et al 2006c,Chapuis-Lardy et al 2006
9.36,0.530722778,6,8.51,0.493980431,6,Yes,Belowground carbon storage,Intermediate Service,Positively,Climate regulation,8,1,50.453569,3.819122,Grassland,Forb,Grass,Chapuis-Lardy et al 2006c,Chapuis-Lardy et al 2006
0.36,0.020412415,6,0.36,0.020412415,6,Yes,Maintenance of water quality,Intermediate Service,negatively,,8,1,50.453569,3.819122,Grassland,Forb,Grass,Chapuis-Lardy et al 2006c,Chapuis-Lardy et al 2006
438,69.81045767,6,760,69.40220938,6,Yes,Aboveground carbon storage,Intermediate Service,Positively,Climate regulation,8,1,50.453569,3.819122,Grassland,Forb,Grass,Chapuis-Lardy et al 2006c,Chapuis-Lardy et al 2006
7.563102739,1.359878163,6,0.272709332,1.452446017,6,Yes,Maintenance of water quality,Intermediate Service,negatively,,10,6,50.79194444,4.408333333,Forest,Shrub,Forb,Dassonville et al 2007a,Dassonville et al 2007
4.4754,0.5364,6,4.4414,0.4924,6,Yes,Belowground carbon storage,Intermediate Service,Positively,Climate regulation,10,6,50.79194444,4.408333333,Forest,Shrub,Forb,Dassonville et al 2007a,Dassonville et al 2007
0.2424,0.0116,6,0.2424,0.0066,6,Yes,Maintenance of water quality,Intermediate Service,negatively,,5,1,50.78611111,4.4175,Forest,Shrub,Shrub,Dassonville et al 2007b,Dassonville et al 2007
7.0221,0.1271,6,6.0328,0.1689,6,Yes,Belowground carbon storage,Intermediate Service,Positively,Climate regulation,5,1,50.78611111,4.4175,Forest,Shrub,Shrub,Dassonville et al 2007b,Dassonville et al 2007
7.563102739,1.217306665,6,0.272709332,1.341837732,6,Yes,Maintenance of water quality,Intermediate Service,negatively,,4,4,50.57222222,4.711666667,Mixed,Shrub,Forb,Dassonville et al 2007c,Dassonville et al 2007
1.6837,0.3953,6,3.3957,0.5823,6,Yes,Belowground carbon storage,Intermediate Service,Positively,Climate regulation,4,4,50.57222222,4.711666667,Mixed,Shrub,Forb,Dassonville et al 2007c,Dassonville et al 2007
7.563102739,1.458478395,6,0.272709332,1.315527709,6,Yes,Maintenance of water quality,Intermediate Service,negatively,,9,1,50.38694444,4.441666667,Grassland,Shrub,Forb,Dassonville et al 2007d,Dassonville et al 2007
0.2647,0.0392,6,0.2827,0.0196,6,Yes,Maintenance of water quality,Intermediate Service,negatively,,9,1,50.38694444,4.441666667,Grassland,Shrub,Forb,Dassonville et al 2007d,Dassonville et al 2007
4.3487,0.8047,6,4.0751,0.3237,6,Yes,Belowground carbon storage,Intermediate Service,Positively,Climate regulation,9,1,50.38694444,4.441666667,Grassland,Shrub,Forb,Dassonville et al 2007d,Dassonville et al 2007
7.563102739,1.037767343,6,0.272709332,1.248820445,6,Yes,Maintenance of water quality,Intermediate Service,negatively,,5,1,50.78638889,4.420833333,Grassland,Shrub,Shrub,Dassonville et al 2007e,Dassonville et al 2007
0.4061,0.0703,6,0.2327,0.0639,6,Yes,Maintenance of water quality,Intermediate Service,negatively,,5,1,50.78638889,4.420833333,Grassland,Shrub,Shrub,Dassonville et al 2007e,Dassonville et al 2007
5.8121,1.0024,6,3.4437,0.9567,6,Yes,Belowground carbon storage,Intermediate Service,Positively,Climate regulation,5,1,50.78638889,4.420833333,Grassland,Shrub,Shrub,Dassonville et al 2007e,Dassonville et al 2007
5.9106,0.7907,6,5.1936,0.4924,6,Yes,Carbon sequestration,Intermediate Service,Positively,Climate regulation,24,1,50.45833333,3.840277778,Grassland,Shrub,Grass,Dassonville et al 2007f,Dassonville et al 2007
147.8012,24.7796,5,214.8749,22.9445,5,Yes,Aboveground carbon storage,Intermediate Service,Positively,Climate regulation,8,5,40.13633333,-120.0731667,Scrub,Grass,Shrub,Blank et al 2008a,Blank et al 2008
0.9,0.1,3,1.3,0.1,3,Yes,Belowground carbon storage,Intermediate Service,Positive,Climate regulation,-9999,-9999,38.24878,-109.873495,Grassland,Grass,Grass,Belnap et al (2005)a,Belnap et al (2005)
9.5,0.8,3,12.2,4.2,3,Yes,Maintenance of water quality,Intermediate Service,negatively,,-9999,-9999,38.24878,-109.873495,Grassland,Grass,Grass,Belnap et al (2005)a,Belnap et al (2005)
14.3401,12.60188303,9,11.38675,10.08944221,9,Yes,Maintenance of water quality,Intermediate Service,negatively,,1,1,40.764845,-74.531681,Forest,Shrub,Shrub,Ehrenfeld et al (2001)a,Ehrenfeld et al (2001)
238.50608,13.18856981,24,174.50514,10.27613672,24,Yes,Belowground carbon storage,Intermediate Service,Positive,Climate regulation,9,1,33.79213,-106.871309,Forest,Tree,Tree,Ellis et al 1998a,Ellis et al 1998
1162.385225,140.2621621,20,621.082125,97.02721989,20,Yes,Belowground carbon storage,Intermediate Service,Positive,Climate regulation,9,1,33.79213,-106.871309,Forest,Tree,Tree,Ellis et al 1998a,Ellis et al 1998
1.602566667,0.271795256,3,1.970366667,0.22980983,3,Yes,Maintenance of water quality,Intermediate Service,negatively,,-9999,-9999,38.09527778,-109.8419444,Grassland,Grass,Grass,Evans et al (2001)a,Evans et al (2001)
0.4808,0.058716049,5,0.23805,0.083219075,5,Yes,Maintenance of water quality,Intermediate Service,negatively,,1,1,43,-76.75,Wetland,Forb,Grass,Fickbohm et al 2006a,Fickbohm et al 2006
71.28053333,8.584433333,5,41.575,8.5837,5,Yes,Maintenance of water quality,Intermediate Service,negatively,,1,1,43,-76.75,Wetland,Forb,Grass,Fickbohm et al 2006a,Fickbohm et al 2006
639.6827667,56.85870022,5,919.1299667,123.5353463,5,Yes,Maintenance of water quality,Intermediate Service,negatively,,1,1,43,-76.75,Wetland,Forb,Grass,Fickbohm et al 2006a,Fickbohm et al 2006
9.45,0.35,20,9.22,0.39,20,Yes,Belowground carbon storage,Intermediate Service,Positively,Climate regulation,,,-31.947447,115.781136,Forest,Grass,Tree,Fisher et al 2006a,Fisher et al 2006
26.2,0.9,10,33.8,1.8,10,Yes,Maintenance of water quality,Intermediate Service,negatively,,,,-31.947447,115.781136,Forest,Grass,Tree,Fisher et al 2006a,Fisher et al 2006
9.45,0.35,20,11.8,0.6,20,Yes,Belowground carbon storage,Intermediate Service,Positively,Climate regulation,,,-31.947556,115.78105,Forest,Forb,Tree,Fisher et al 2006b,Fisher et al 2006
468,19,20,609,40,20,Yes,Maintenance of water quality,Intermediate Service,negatively,,,,-31.947556,115.78105,Forest,Forb,Tree,Fisher et al 2006b,Fisher et al 2006
71,2,4,67,2,4,Yes,Water provision,Intermediate Service,Positively,Water provision,2,1,19.41666667,-155.25,Forest,Forb,Tree,Funk 2005a,Funk 2005
0.008,0.011,4,0.012,0.011,4,Yes,Maintenance of water quality,Intermediate Service,negatively,,2,1,19.41666667,-155.25,Forest,Forb,Tree,Funk 2005a,Funk 2005
58.2,54.21151989,18,5578.8,418.6072145,18,Yes,Aboveground carbon storage,Intermediate Service,Positively,Climate regulation,,,46.91666667,-123.2666667,Grassland,Shrub,Grass,Haubensak et al 2004a,Haubensak et al 2004
427.1,20.05826236,18,454.67,28.32198361,18,Yes,Maintenance of water quality,Intermediate Service,negatively,,,,46.91666667,-123.2666667,Grassland,Shrub,Grass,Haubensak et al 2004a,Haubensak et al 2004
9117.5,417.09872,18,9339.7,540.7245556,18,Yes,Belowground carbon storage,Intermediate Service,Positively,Climate regulation,,,46.91666667,-123.2666667,Grassland,Shrub,Grass,Haubensak et al 2004a,Haubensak et al 2004
1.2427,0.2982,12,3.7595,0.4805,12,Yes,Maintenance of water quality,Intermediate Service,negatively,,,,46.91666667,-123.2666667,Grassland,Shrub,Grass,Haubensak et al 2004a,Haubensak et al 2004
1.9174,0.2762,6,2.0097,0.3225,6,Yes,Belowground carbon storage,Intermediate Service,Positively,Climate regulation,-9999,-9999,45.45833333,-110.6066667,Grassland,Forb,Grass,Hook et al (2004)a,Hook et al (2004)
3.3862,0.2302,6,2.8806,0.4143,6,Yes,Belowground carbon storage,Intermediate Service,Positively,Climate regulation,-9999,-9999,25.39833333,-110.7033333,Grassland,Forb,Grass,Hook et al (2004)b,Hook et al (2004)
0.2257,0.0197,6,0.2011,0.0312,6,Yes,Maintenance of water quality,Intermediate Service,negatively,,-9999,-9999,25.39833333,-110.7033333,Grassland,Forb,Grass,Hook et al (2004)b,Hook et al (2004)
10.3566,2.5766,6,9.6665,1.8409,6,Yes,Belowground carbon storage,Intermediate Service,Positively,Climate regulation,-9999,-9999,46.55,-111.7616667,Grassland,Forb,Grass,Hook et al (2004)c,Hook et al (2004)
0.398,0.0753,6,0.3931,0.0589,6,Yes,Maintenance of water quality,Intermediate Service,negatively,,-9999,-9999,46.55,-111.7616667,Grassland,Forb,Grass,Hook et al (2004)c,Hook et al (2004)
4.7496,0.276,6,5.0721,0.276,6,Yes,Belowground carbon storage,Intermediate Service,Positively,Climate regulation,-9999,-9999,45.595,-111.09,Grassland,Forb,Grass,Hook et al (2004)d,Hook et al (2004)
3.9707,0.3221,6,3.8791,0.3221,6,Yes,Belowground carbon storage,Intermediate Service,Positively,Climate regulation,-9999,-9999,45.77833333,-111.26,Grassland,Forb,Grass,Hook et al (2004)e,Hook et al (2004)
0.3242,0.0213,6,0.3225,0.0212,6,Yes,Maintenance of water quality,Intermediate Service,negatively,,-9999,-9999,45.77833333,-111.26,Grassland,Forb,Grass,Hook et al (2004)e,Hook et al (2004)
3.4289,0.2759,6,3.3832,0.3681,6,Yes,Belowground carbon storage,Intermediate Service,Positively,Climate regulation,-9999,-9999,45.59833333,-111.195,Grassland,Forb,Grass,Hook et al (2004)f,Hook et al (2004)
0.2454,0.0097,6,0.2438,0.0082,6,Yes,Maintenance of water quality,Intermediate Service,negatively,,-9999,-9999,45.59833333,-111.195,Grassland,Forb,Grass,Hook et al (2004)f,Hook et al (2004)
7.7831,0.5982,6,6.8171,0.7363,6,Yes,Belowground carbon storage,Intermediate Service,Positively,Climate regulation,-9999,-9999,45.665,-110.6916667,Grassland,Forb,Grass,Hook et al (2004)g,Hook et al (2004)
0.3455,0.0131,6,0.3161,0.0229,6,Yes,Maintenance of water quality,Intermediate Service,negatively,,-9999,-9999,45.665,-110.6916667,Grassland,Forb,Grass,Hook et al (2004)g,Hook et al (2004)
3.9741,0.3221,6,3.7445,0.5523,6,Yes,Belowground carbon storage,Intermediate Service,Positively,Climate regulation,-9999,-9999,45.66,-110.665,Grassland,Forb,Grass,Hook et al (2004)h,Hook et al (2004)
4.1157,0.368,6,3.2417,0.368,6,Yes,Belowground carbon storage,Intermediate Service,Positively,Climate regulation,-9999,-9999,45.64333333,-110.9216667,Grassland,Forb,Grass,Hook et al (2004)i,Hook et al (2004)
0.2668,0.0196,6,0.2111,0.0147,6,Yes,Maintenance of water quality,Intermediate Service,negatively,,-9999,-9999,45.64333333,-110.9216667,Grassland,Forb,Grass,Hook et al (2004)i,Hook et al (2004)
2.409,0.4317,10,11.7635,0.2879,10,Yes,Belowground carbon storage,Intermediate Service,Positive,Climate regulation,-9999,-9999,19.44805556,-154.8611111,Forest,Tree,Tree,Hughes et al 2005a,Hughes et al 2005
1.1675,0.2302,10,10.3495,0.4603,10,Yes,Belowground carbon storage,Intermediate Service,Positive,Climate regulation,-9999,-9999,19.41972222,-154.9538889,Forest,Tree,Tree,Hughes et al 2005b,Hughes et al 2005
8.4563,0.3453,10,11.3361,0.4892,10,Yes,Belowground carbon storage,Intermediate Service,Positive,Climate regulation,-9999,-9999,19.41972222,-154.9538889,Forest,Tree,Tree,Hughes et al 2005c,Hughes et al 2005
107.75,6.574889099,4,107,5.787918451,5,Yes,Evapotranspiration,Intermediate Service,Positively,Water provision,-9999,-9999,34.662837,-106.776416,Forest,Tree,Tree,Cleverly et al (2006)a,Cleverly et al (2006)
125,3.209361307,5,103.5,8.645808233,4,Yes,Evapotranspiration,Intermediate Service,Positively,Water provision,-9999,-9999,34.95888889,-106.6997222,Forest,Tree,Tree,Cleverly et al (2006)b,Cleverly et al (2006)
148.6,10.77806414,5,332.6,23.5894044,5,Yes,Water provision,Intermediate Service,Negatively,Water provision,-9999,-9999,34.95888889,-106.6997222,Forest,Tree,Tree,Cleverly et al (2006)b,Cleverly et al (2006)
2.386466667,0.284687573,6,2.164983333,0.516303463,6,Yes,Evapotranspiration,Intermediate Service,Positively,Water provision,-9999,-9999,39.85,-119.8166667,Scrub,Grass,Shrub,Prater et al (2006)a,Prater et al (2006)
4.1565,0.3808,5,4.6442,0.3319,5,Yes,Evapotranspiration,Intermediate Service,Positively,Water provision,-9999,-9999,33.8,-106.9,Forest,Tree,Tree,Nagler et al 2005a,Nagler et al 2005
5.1028,3.1712,5,0.371,0.2831,5,Yes,Evapotranspiration,Intermediate Service,Positively,Water provision,-9999,-9999,34.3,-106.8,Forest,Tree,Tree,Nagler et al 2005b,Nagler et al 2005
0.24732,0.057815828,4,0.52688,0.002246294,4,Yes,Water provision,Final Service,Negatively,Water provision,-9999,-9999,31.692,-103.622,Forest,Tree,NA,Hatler et al (2009)a,Hatler et al (2009)
0.105,0.065,2,1.896666667,0.092074849,3,Yes,Evapotranspiration,Intermediate Service,Negatively,Water provision,-9999,-9999,31.694579,-103.62442,Grassland,Tree,NA,Hart et al (2005)a,Hart et al (2005)
19.51,1,10,20.94,1,10,Yes,Belowground carbon storage,Intermediate Service,Positively,Climate regulation,1,1,30.16666667,122.0166667,Wetland,Grass,Grass,Liao et al (2007)a,Liao et al (2007)
63.5591,29.9298,10,204.3874,69.5647,10,Yes,Belowground carbon storage,Intermediate Service,Positive,Climate regulation,-9999,-9999,38.09527778,-109.8419444,Grassland,Grass,Grass,Evans et al (2001)a,Evans et al (2001)
171.3448,38.0182,10,321.0715,70.3742,10,Yes,Belowground carbon storage,Intermediate Service,Positively,Climate regulation,-9999,-9999,38.09527778,-109.8419444,Grassland,Grass,Grass,Evans et al (2001)b,Evans et al (2001)
13.22405,12.01847514,9,27.65055,24.84694092,9,Yes,Maintenance of water quality,Intermediate Service,negatively,,1,1,41.0005,-75.090315,Forest,Shrub,Shrub,Ehrenfeld et al (2001)b,Ehrenfeld et al (2001)
18.348,0.353,50,26.773,1.203,69,Yes,Maintenance of water quality,Intermediate Service,negatively,,-9999,-9999,-33.513919,18.549385,Scrub,Tree,NA,Musil et al (1993),Musil et al (1993)
0.129,0.009,50,0.16,0.01,69,Yes,Maintenance of water quality,Intermediate Service,negatively,,-9999,-9999,-33.513919,18.549385,Scrub,Tree,NA,Musil et al (1993),Musil et al (1993)
5.2,2.169677395,4,4.833333333,1.926136028,4,Yes,Belowground carbon storage,Intermediate Service,Positive,Climate regulation,-9999,-9999,40.56666667,-3.2,Forest,Tree,Tree,Castro Diez et al 2009a,Castro Diez et al 2009
15.3229,2.500529108,20,14.791625,2.47749666,20,Yes,Water infiltration,Intermediate Service,Positively,Water provision,-9999,-9999,39.85,-119.8166667,Scrub,Grass,Shrub,Prater et al (2006)a,Prater et al (2006)
0.48205,0.016266667,6,0.507616667,0.0279,6,Yes,Carbon sequestration,Intermediate Service,Positively,Climate regulation,8,3,50.25936,6.06888,Grassland,Forb,Forb,Koutika et al (2007)a,Koutika et al (2007)
1.64,0.073484692,6,1.8,0.122474487,6,Yes,Belowground carbon storage,Intermediate Service,Positively,Climate regulation,8,3,50.25936,6.06888,Grassland,Forb,Forb,Koutika et al (2007)a,Koutika et al (2007)
0.2,0.02857738,6,0.17,0.004082483,6,Yes,Maintenance of water quality,Intermediate Service,negatively,,8,3,50.25936,6.06888,Grassland,Forb,Forb,Koutika et al (2007)a,Koutika et al (2007)
0.502716667,0.010083333,6,0.5128,0.01765,6,Yes,Carbon sequestration,Intermediate Service,Positively,Climate regulation,8,1,50.870629,4.314821,Mixed,Forb,Forb,Koutika et al (2007)b,Koutika et al (2007)
0.5216,0.0227,6,0.5468,0.022716667,6,Yes,Carbon sequestration,Intermediate Service,Positively,Climate regulation,6,2,51.05844,5.27176,Grassland,Forb,Grass,Koutika et al (2007)c,Koutika et al (2007)
0.50275,0.0157,6,0.500516667,0.017933333,6,Yes,Carbon sequestration,Intermediate Service,Positively,Climate regulation,5,4,51.21992,4.39625,Grassland,Tree,Grass,Koutika et al (2007)d,Koutika et al (2007)
1.91,0.081649658,6,2.45,0.130639453,6,Yes,Belowground carbon storage,Intermediate Service,Positively,Climate regulation,5,4,51.21992,4.39625,Grassland,Tree,Grass,Koutika et al (2007)d,Koutika et al (2007)
0.27,0.053072278,6,0.44,0.081649658,6,Yes,Maintenance of water quality,Intermediate Service,negatively,,5,4,51.21992,4.39625,Grassland,Tree,Grass,Koutika et al (2007)d,Koutika et al (2007)
0.505016667,0.020983333,6,0.525983333,0.025616667,6,Yes,Carbon sequestration,Intermediate Service,Positively,Climate regulation,5,3,51.130699,2.750243,Forest,Tree,Tree,Koutika et al (2007)e,Koutika et al (2007)
0.503083333,0.0176,6,0.503083333,0.0176,6,Yes,Carbon sequestration,Intermediate Service,Positively,Climate regulation,3,2,51.130699,2.750243,Forest,Tree,Tree,Koutika et al (2007)f,Koutika et al (2007)
0.5032,0.0217,6,0.5032,0.0217,6,Yes,Carbon sequestration,Intermediate Service,Positively,Climate regulation,4,2,50.871845,4.314795,Mixed,Forb,Forb,Koutika et al (2007)g,Koutika et al (2007)
0.523233333,0.033283333,6,0.523233333,0.033283333,6,Yes,Carbon sequestration,Intermediate Service,Positively,Climate regulation,2,1,50.800919,4.414715,Forest,Forb,Forb,Koutika et al (2007)h,Koutika et al (2007)
15.92,1.959591794,6,10.78,0.845073961,6,Yes,Belowground carbon storage,Intermediate Service,Positively,Climate regulation,2,1,50.800919,4.414715,Forest,Forb,Forb,Koutika et al (2007)h,Koutika et al (2007)
0.506483333,0.027166667,6,0.506483333,0.027166667,6,Yes,Carbon sequestration,Intermediate Service,Positively,Climate regulation,3,1,50.800919,4.414715,Forest,Shrub,Forb,Koutika et al (2007)i,Koutika et al (2007)
0.52705,0.017816667,6,0.52705,0.017816667,6,Yes,Carbon sequestration,Intermediate Service,Positively,Climate regulation,5,1,51.05844,5.27176,Grassland,Shrub,Forb,Koutika et al (2007)j,Koutika et al (2007)
9.42,0.493980431,6,8.47,0.816496581,6,Yes,Belowground carbon storage,Intermediate Service,Positively,Climate regulation,5,1,51.05844,5.27176,Grassland,Shrub,Forb,Koutika et al (2007)j,Koutika et al (2007)
0.59,0.163299316,6,0.38,0.020412415,6,Yes,Maintenance of water quality,Intermediate Service,negatively,,5,1,51.05844,5.27176,Grassland,Shrub,Forb,Koutika et al (2007)j,Koutika et al (2007)
528,165,10,532,56,10,Yes,Belowground carbon storage,Intermediate Service,Positively,Climate regulation,-9999,-9999,19.733421,-155.090389,Forest,Shrub,Tree,Kurten et al (2008)a,Kurten et al (2008)
70,3,10,59,3,10,Yes,Water infiltration,Intermediate Service,Positively,Water provision,-9999,-9999,19.733421,-155.090389,Forest,Shrub,Tree,Kurten et al (2008)a,Kurten et al (2008)
6.933333333,0.769786705,7,4.333333333,0.151738497,7,Yes,Water infiltration,Intermediate Service,Positively,Water provision,1,1,25.995081,-81.482849,Forest,Tree,Tree,Martin et al 2009a,Martin et al 2009
2.5,0.349461831,7,2.166666667,0.089942839,7,Yes,Belowground carbon storage,Intermediate Service,Positively,Climate regulation,1,1,25.995081,-81.482849,Forest,Tree,Tree,Martin et al 2009a,Martin et al 2009
16.3,1.263701197,7,11.4,0.679626053,7,Yes,Belowground carbon storage,Intermediate Service,Positively,Climate regulation,1,1,25.995081,-81.482849,Forest,Tree,Tree,Martin et al 2009a,Martin et al 2009
3.54003,0.55849,7,5.0667,0.92425,7,Yes,Aboveground carbon storage,Intermediate Service,Positively,Climate regulation,1,1,25.995081,-81.482849,Forest,Tree,Tree,Martin et al 2009a,Martin et al 2009
2.35643,0.49207,7,0.63412,0.11812,7,Yes,Belowground carbon storage,Intermediate Service,Positively,Climate regulation,1,1,25.995081,-81.482849,Forest,Tree,Tree,Martin et al 2009a,Martin et al 2009
261.9,31.6,7,587.8,42.4,7,Yes,Belowground carbon storage,Intermediate Service,Positively,Climate regulation,1,1,25.995081,-81.482849,Forest,Tree,Tree,Martin et al 2009a,Martin et al 2009
83.65,3.630812581,9,79.11666667,3.708341948,9,Yes,Belowground carbon storage,Intermediate Service,Positively,Climate regulation,-9999,-9999,39.576619,-74.331007,Wetland,Grass,Grass,Windham et al (2003)a,Windham et al (2003)
3.7,0.491934955,20,5.15,0.424852916,20,Yes,Belowground carbon storage,Intermediate Service,Positively,Climate regulation,,,41.935998,-70.044708,Forest,Tree,NA,Holle et al (2006)a,Von Holle et al (2006)
27.5,1.94537914,20,29.3,0.804984472,20,Yes,Maintenance of water quality,Intermediate Service,Negatively,Maintenance of water quality,,,41.935998,-70.044708,Forest,Tree,NA,Holle et al (2006)a,Von Holle et al (2006)
-0.0519,0.04745,2,-0.18785,0.18905,5,Yes,Maintenance of water quality,Intermediate Service,Negatively,Maintenance of water quality,,,19.344837,-155.474396,Forest,Shrub,Tree,Hall et al (2007)b,Hall et al (2007)
0.0158,0.0699,2,0,0.04155,5,Yes,Maintenance of water quality,Intermediate Service,Negatively,Maintenance of water quality,,,19.344837,-155.474396,Forest,Shrub,Tree,Hall et al (2007)b,Hall et al (2007)
31.1686,0.514919739,6,21.2119,0.644464302,6,Yes,Carbon sequestration,Intermediate Service,Positively,Climate regulation,1,1,31.877558,-110.882263,Desert,Grass,Grass,Ignace et al (2007)b,Ignace et al (2007)
36.1835,0.715957166,6,23.4717,0.722059822,6,Yes,Carbon sequestration,Intermediate Service,Positively,Climate regulation,1,1,31.877558,-110.882263,Desert,Grass,Grass,Ignace et al (2007)c,Ignace et al (2007)
30.2748,0.775211164,6,22.691,0.587102766,6,Yes,Carbon sequestration,Intermediate Service,Positively,Climate regulation,1,1,31.877558,-110.882263,Desert,Grass,Grass,Ignace et al (2007)d,Ignace et al (2007)
90.2174,17.1425,8,153.6159,21.4345,8,Yes,Belowground carbon storage,Intermediate Service,Positively,Climate regulation,49,35,50.34546,-109.995117,Grassland,Grass,Grass,Henderson et al (2005)a,Henderson et al (2005)
207.5253,34.3365,8,382.4917,60.1148,8,Yes,Belowground carbon storage,Intermediate Service,Positively,Climate regulation,49,35,50.34546,-109.995117,Grassland,Grass,Grass,Henderson et al (2005)a,Henderson et al (2005)
762.624,64.407,8,761.6416,81.5493,8,Yes,Belowground carbon storage,Intermediate Service,Positively,Climate regulation,49,35,50.34546,-109.995117,Grassland,Grass,Grass,Henderson et al (2005)a,Henderson et al (2005)
1.97355,0.521425094,16,2.07025,0.531930037,16,Yes,Maintenance of water quality,Intermediate Service,Negatively,Maintenance of water quality,-9999,-9999,19.1,-155.55,Forest,Grass,Tree,Mack et al (2003)a,Mack et al (2003)
0.43735,0.349545085,16,0.57535,0.419171845,16,Yes,Maintenance of water quality,Intermediate Service,Negatively,Maintenance of water quality,-9999,-9999,19.1,-155.55,Forest,Grass,Tree,Mack et al (2003)a,Mack et al (2003)
0.33546,0.119473374,40,0.45044,0.110304449,40,Yes,Water infiltration,Intermediate Service,Positively,Water provision,-9999,-9999,19.1,-155.55,Forest,Grass,Tree,Mack et al (2003)a,Mack et al (2003)
0.98915,0.397957184,16,0.89505,0.301203206,16,Yes,Maintenance of water quality,Intermediate Service,Negatively,Maintenance of water quality,-9999,-9999,19.1,-155.55,Forest,Grass,Tree,Mack et al (2003)a,Mack et al (2003)
259.5945,27.2809,4,319.0775,42.1629,4,Yes,Belowground carbon storage,Intermediate Service,Positively,Climate regulation,-9999,-9999,19.1,-155.55,Forest,Grass,Tree,Mack et al (2003)aa,Mack et al (2003)a
53.81,3.2,14,56.2,3.06,14,Yes,Belowground carbon storage,Intermediate Service,Positively,Climate regulation,9.71,8.21,46.78333333,6.15,Mixed,Forb,NA,Scharfy et al (2009)a,Scharfy et al (2009)
3.34,0.31,14,3.48,0.3,14,Yes,Maintenance of water quality,Intermediate Service,Negatively,Maintenance of water quality,9.71,8.21,46.78333333,6.15,Mixed,Forb,NA,Scharfy et al (2009)a,Scharfy et al (2009)
15.5803,1.8919,6,13.967,3.1894,6,Yes,Maintenance of water quality,Intermediate Service,Negatively,Maintenance of water quality,-9999,-9999,32.600626,-117.127991,Scrub,Grass,Shrub,Wolkowich et al (2009)a,Wolkowich et al (2009)
15.5803,1.8919,6,13.967,3.1894,6,Yes,Maintenance of water quality,Intermediate Service,Negatively,Maintenance of water quality,-9999,-9999,32.600626,-117.127991,Scrub,Grass,Shrub,Wolkowich et al (2009)a,Wolkowich et al (2009)
,0.0673,0.0054,6,0.0991,0.0199,Yes,Belowground carbon storage,Intermediate Service,Postively,Climate regulation,-9999,-9999,32.600626,-117.127991,Scrub,Grass,Shrub,Wolkowich et al (2010)a,Wolkowich et al (2010)
1.55,0.067168232,7,0.635,0.021782857,7,Yes,Maintenance of water quality,Intermediate Service,Negatively,Maintenance of water quality,1,1,25.995081,-81.482849,Forest,Tree,Tree,Martin et al 2009a,Martin et al 2009
36.8,2.628779728,7,12.5,0.479190389,7,Yes,Maintenance of water quality,Intermediate Service,Negatively,Maintenance of water quality,1,1,25.995081,-81.482849,Forest,Tree,Tree,Martin et al 2009a,Martin et al 2009
43.1,2.01246118,5,62.7,3.443544685,5,Yes,Belowground carbon storage,Intermediate Service,Positively,Climate regulation,-9999,-9999,24.70394444,102.8801667,Forest,Forb,Grass,Niu et al (2007)a,Niu et al (2007)
4.4,0.178885438,5,4.7,0.178885438,5,Yes,Maintenance of water quality,Intermediate Service,Negatively,Maintenance of water quality,-9999,-9999,24.70394444,102.8801667,Forest,Forb,Grass,Niu et al (2007)a,Niu et al (2007)
14.44,0.939148551,5,32.5,2.146625258,5,Yes,Maintenance of water quality,Intermediate Service,Negatively,Maintenance of water quality,-9999,-9999,24.70394444,102.8801667,Forest,Forb,Grass,Niu et al (2007)a,Niu et al (2007)
28.1,1.386362146,5,39.3,1.431083506,5,Yes,Maintenance of water quality,Intermediate Service,Negatively,Maintenance of water quality,-9999,-9999,24.70394444,102.8801667,Forest,Forb,Grass,Niu et al (2007)a,Niu et al (2007)
0.6,0.02236068,5,0.6,0.031304952,5,Yes,Maintenance of water quality,Intermediate Service,Negatively,Maintenance of water quality,-9999,-9999,24.70394444,102.8801667,Forest,Forb,Grass,Niu et al (2007)a,Niu et al (2007)
25.3,0.491934955,5,24.6,0.939148551,5,Yes,Water infiltration,Intermediate Service,Positively,Water provision,-9999,-9999,24.70394444,102.8801667,Forest,Forb,Grass,Niu et al (2007)a,Niu et al (2007)
23.675,0.45757513,5,23.525,0.445813863,5,Yes,Water infiltration,Intermediate Service,Positively,Water provision,-9999,-9999,43.58333333,-102.6333333,Grassland,Grass,Grass,Ogle et al (2003)a,Ogle et al (2003)
281.75,25.83602137,5,307,23.66035714,5,Yes,Aboveground carbon storage,Intermediate Service,Positively,Climate regulation,-9999,-9999,43.58333333,-102.6333333,Grassland,Grass,Grass,Ogle et al (2003)a,Ogle et al (2003)
295.25,18.85967921,5,274.25,22.22751673,5,Yes,Belowground carbon storage,Intermediate Service,Positively,Climate regulation,-9999,-9999,43.58333333,-102.6333333,Grassland,Grass,Grass,Ogle et al (2003)a,Ogle et al (2003)
438.25,49.49873736,5,535.5,58.68081032,5,Yes,Belowground carbon storage,Intermediate Service,Positively,Climate regulation,-9999,-9999,43.58333333,-102.6333333,Grassland,Grass,Grass,Ogle et al (2003)a,Ogle et al (2003)
192,14.62660248,5,174,26.23213678,5,Yes,Belowground carbon storage,Intermediate Service,Positively,Climate regulation,-9999,-9999,43.58333333,-102.6333333,Grassland,Grass,Grass,Ogle et al (2003)a,Ogle et al (2003)
18.275,0.350891721,5,18.275,0.447911822,5,Yes,Water infiltration,Intermediate Service,Positively,Water provision,-9999,-9999,43.58333333,-102.6333333,Grassland,Grass,Grass,Ogle et al (2003)b,Ogle et al (2003)
227,12.71072382,5,222.25,20.71382389,5,Yes,Aboveground carbon storage,Intermediate Service,Positively,Climate regulation,-9999,-9999,43.58333333,-102.6333333,Grassland,Grass,Grass,Ogle et al (2003)b,Ogle et al (2003)
355.25,54.87599657,5,473.75,41.56245301,5,Yes,Belowground carbon storage,Intermediate Service,Positively,Climate regulation,-9999,-9999,43.58333333,-102.6333333,Grassland,Grass,Grass,Ogle et al (2003)b,Ogle et al (2003)
167.75,20.06551769,5,204.5,50.91721222,5,Yes,Belowground carbon storage,Intermediate Service,Positively,Climate regulation,-9999,-9999,43.58333333,-102.6333333,Grassland,Grass,Grass,Ogle et al (2003)b,Ogle et al (2003)
26.35,0.921954446,5,26.2,0.955248659,5,Yes,Water infiltration,Intermediate Service,Positively,Water provision,-9999,-9999,43.58333333,-102.6333333,Grassland,Grass,Grass,Ogle et al (2003)c,Ogle et al (2003)
248,19.91230775,5,160,13.60147051,5,Yes,Aboveground carbon storage,Intermediate Service,Positively,Climate regulation,-9999,-9999,43.58333333,-102.6333333,Grassland,Grass,Grass,Ogle et al (2003)c,Ogle et al (2003)
380,19.14418972,5,222,16.1245155,5,Yes,Belowground carbon storage,Intermediate Service,Positively,Climate regulation,-9999,-9999,43.58333333,-102.6333333,Grassland,Grass,Grass,Ogle et al (2003)c,Ogle et al (2003)
392.5,39.19502519,5,320.5,38.26878624,5,Yes,Belowground carbon storage,Intermediate Service,Positively,Climate regulation,-9999,-9999,43.58333333,-102.6333333,Grassland,Grass,Grass,Ogle et al (2003)c,Ogle et al (2003)
169.5,12.3794184,5,192,12.5,5,Yes,Belowground carbon storage,Intermediate Service,Positively,Climate regulation,-9999,-9999,43.58333333,-102.6333333,Grassland,Grass,Grass,Ogle et al (2003)c,Ogle et al (2003)
20.75,1.171537451,5,20.8,0.992471662,5,Yes,Water infiltration,Intermediate Service,Positively,Water provision,-9999,-9999,43.58333333,-102.6333333,Grassland,Grass,Grass,Ogle et al (2003)d,Ogle et al (2003)
161,9.708243919,5,139.5,11.23610253,5,Yes,Aboveground carbon storage,Intermediate Service,Positively,Climate regulation,-9999,-9999,43.58333333,-102.6333333,Grassland,Grass,Grass,Ogle et al (2003)d,Ogle et al (2003)
390,15.91383046,5,204.5,17.06604817,5,Yes,Belowground carbon storage,Intermediate Service,Positively,Climate regulation,-9999,-9999,43.58333333,-102.6333333,Grassland,Grass,Grass,Ogle et al (2003)d,Ogle et al (2003)
240,21.63330765,5,421.5,44.68780594,5,Yes,Belowground carbon storage,Intermediate Service,Positively,Climate regulation,-9999,-9999,43.58333333,-102.6333333,Grassland,Grass,Grass,Ogle et al (2003)d,Ogle et al (2003)
200,15.11621646,5,155.5,12.09338662,5,Yes,Belowground carbon storage,Intermediate Service,Positively,Climate regulation,-9999,-9999,43.58333333,-102.6333333,Grassland,Grass,Grass,Ogle et al (2003)d,Ogle et al (2003)
138.55185,17.95442432,7,208.7871,14.492593,7,Yes,Aboveground carbon storage,Intermediate Service,Positively,Climate regulation,-9999,-9999,33.38,-117.5,Grassland,Forb,Grass,Potts et al (2008)a,Potts et al (2008)
159.8667,51.0204,7,286.0579,40.8121,7,Yes,Belowground carbon storage,Intermediate Service,Positively,Climate regulation,-9999,-9999,33.38,-117.5,Grassland,Forb,Grass,Potts et al (2008)a,Potts et al (2008)
1.822433333,0.097985968,7,2.302966667,0.21154662,7,Yes,Evapotranspiration,Intermediate Service,Positively,Water provision,-9999,-9999,33.38,-117.5,Grassland,Forb,Grass,Potts et al (2008)a,Potts et al (2008)
14.82363333,1.099866769,7,17.06303333,1.119307906,7,Yes,Water infiltration,Intermediate Service,Positively,Water provision,-9999,-9999,33.38,-117.5,Grassland,Forb,Grass,Potts et al (2008)a,Potts et al (2008)
3.63,0.21,10,3.36,0.091,10,Yes,Belowground carbon storage,Intermediate Service,Positively,Climate regulation,-9999,-9999,39.098744,-96.606152,Grassland,Grass,Grass,Reed et al (2005)a,Reed et al (2005)
0.172,0.021077239,10,0.1312,0.018668155,10,Yes,Maintenance of water quality,Intermediate Service,Negatively,Maintenance of water quality,-9999,-9999,39.098744,-96.606152,Grassland,Grass,Grass,Reed et al (2005)a,Reed et al (2005)
0.0914,0.017088007,10,0.04575,0.010793517,10,Yes,Maintenance of water quality,Intermediate Service,Positively,Maintenance of water quality,-9999,-9999,39.098744,-96.606152,Grassland,Grass,Grass,Reed et al (2005)a,Reed et al (2005)
23.5,3.331741286,20,89,26.67629097,20,Yes,Maintenance of water quality,Intermediate Service,Negatively,,,,41.935998,-70.044708,Forest,Tree,NA,Holle et al (2006)a,Von Holle et al (2006)
0.14,0.02236068,20,0.27,0.02236068,20,Yes,Maintenance of water quality,Intermediate Service,Negatively,,,,41.935998,-70.044708,Forest,Tree,NA,Holle et al (2006)a,Von Holle et al (2006)
3.5834,1.9668,27,4.1542,2.2772,27,Yes,Belowground carbon storage,Intermediate Service,Positively,Climate regulation,29.01433,25.04595,42.073762,9.014282,Mixed,Tree,NA,Vila et al (2006)a,Vila et al (2006)
0.2833,0.0378,27,0.3248,0.0314,27,Yes,Maintenance of water quality,Intermediate Service,Negatively,Maintenance of water quality,29.01433,25.04595,42.073762,9.014282,Mixed,Tree,NA,Vila et al (2006)a,Vila et al (2006)
6.1817,1.1387,12,6.6491,1.0349,12,Yes,Belowground carbon storage,Intermediate Service,Positively,Climate regulation,26.59856,13.33084,35.209722,24.829102,Mixed,Tree,NA,Vila et al (2006)b,Vila et al (2006)
0.4375,0.0565,12,0.5574,0.0974,12,Yes,Maintenance of water quality,Intermediate Service,Negatively,Maintenance of water quality,26.59856,13.33084,35.209722,24.829102,Mixed,Tree,NA,Vila et al (2006)b,Vila et al (2006)
10.7725,0.8799,23,12.1196,0.9317,23,Yes,Belowground carbon storage,Intermediate Service,Positively,Climate regulation,15.41394,12.50652,39.696621,3.02948,Mixed,Tree,NA,Vila et al (2006)c,Vila et al (2006)
0.3479,0.0722,23,0.4174,0.0598,23,Yes,Maintenance of water quality,Intermediate Service,Negatively,Maintenance of water quality,15.41394,12.50652,39.696621,3.02948,Mixed,Tree,NA,Vila et al (2006)c,Vila et al (2006)
3.4697,1.2422,19,3.7816,0.9314,19,Yes,Belowground carbon storage,Intermediate Service,Positively,Climate regulation,15.36163,10.59548,39.943436,4.11438,Mixed,Tree,NA,Vila et al (2006)d,Vila et al (2006)
0.2394,0.0346,19,0.2525,0.0282,19,Yes,Maintenance of water quality,Intermediate Service,,,15.36163,10.59548,39.943436,4.11438,Mixed,Tree,NA,Vila et al (2006)d,Vila et al (2006)
2.2429,0.9834,25,2.5032,0.6211,25,Yes,Belowground carbon storage,Intermediate Service,Positively,Climate regulation,9.011,9.82266,40.010787,9.173584,Mixed,Tree,NA,Vila et al (2006)e,Vila et al (2006)
0.1781,0.0219,25,0.188,0.0189,25,Yes,Maintenance of water quality,Intermediate Service,Positively,Maintenance of water quality,9.011,9.82266,40.010787,9.173584,Mixed,Tree,NA,Vila et al (2006)e,Vila et al (2006)
7.8712,0.9353,13,7.9361,1.0024,13,Yes,Belowground carbon storage,Intermediate Service,Positively,Climate regulation,15.96071,8.857,43.013308,6.363058,Mixed,Forb,NA,Vila et al (2006)f,Vila et al (2006)
0.04,0.005,4,0.06,0.02,4,Yes,Maintenance of water quality,Intermediate Service,Negatively,Maintenance of water quality,-9999,-9999,23.16666667,112.1666667,Forest,Forb,NA,Chen et al 2009a,Chen et al 2009
3.1,2.3,10,5.7,2.1,10,Yes,Maintenance of water quality,Intermediate Service,Negatively,Maintenance of water quality,-9999,-9999,19.733421,-155.090389,Forest,Shrub,Tree,Kurten et al (2008)a,Kurten et al (2008)
1.8468,1.555684856,9,3.0593,2.602428109,9,Yes,Maintenance of water quality,Intermediate Service,Negatively,Maintenance of water quality,1,1,40.958382,-74.746874,Forest,Shrub,Shrub,Ehrenfeld et al (2001)c,Ehrenfeld et al (2001)
8.6505,1.1542,15,6.8956,0.2992,15,Yes,Maintenance of water quality,Intermediate Service,Negatively,Maintenance of water quality,-9999,-9999,42.149755,-87.780998,Forest,Shrub,Tree,Heneghan et al (2004)a,Heneghan et al (2004)
6.4541,5.999233939,9,3.4588,3.336087401,9,Yes,Maintenance of water quality,Intermediate Service,Negatively,Maintenance of water quality,1,1,40.764845,-74.531681,Forest,Shrub,Shrub,Ehrenfeld et al (2001)a,Ehrenfeld et al (2001)
0.068,0.0026,71,0.036,0.0045,71,Yes,Maintenance of water quality,Intermediate Service,Negatively,Maintenance of water quality,-9999,-9999,40.35,-105.5841064,Grassland,Forb,Grass,Wolf et al (2004)a,Wolf et al (2004)
4.65185,3.933139291,9,11.3106,10.3132729,9,Yes,Maintenance of water quality,Intermediate Service,Negatively,Maintenance of water quality,1,1,41.0005,-75.090315,Forest,Shrub,Shrub,Ehrenfeld et al (2001)b,Ehrenfeld et al (2001)
-1.421,0.087322487,4,-1.241166667,0.090121724,4,Yes,Maintenance of water quality,Intermediate Service,Negatively,Maintenance of water quality,-9999,-9999,40.56666667,-3.2,Forest,Tree,Tree,Castro Diez et al 2009a,Castro Diez et al 2009
0.0537,0.0507,15,0.0173,0.0668,15,Yes,Maintenance of water quality,Intermediate Service,Negatively,Maintenance of water quality,-9999,-9999,42.149755,-87.780998,Forest,Shrub,Tree,Heneghan et al (2006)c,Heneghan et al (2006)
0.7,0.3,10,1.4,0.5,10,Yes,Maintenance of water quality,Intermediate Service,Negatively,Maintenance of water quality,-9999,-9999,19.733421,-155.090389,Forest,Shrub,Tree,Kurten et al (2008)a,Kurten et al (2008)
0.2547,0.1002,15,0.0113,0.0187,15,Yes,Maintenance of water quality,Intermediate Service,Negatively,Maintenance of water quality,-9999,-9999,41.81457,-88.055935,Forest,Shrub,Tree,Heneghan et al (2006)b,Heneghan et al (2006)
-0.0322,0.0312,6,-0.0415,0.0218,6,Yes,Maintenance of water quality,Intermediate Service,Negatively,Maintenance of water quality,-9999,-9999,37.72218889,-89.30602778,Grassland,Shrub,Tree,Goldstein et al (2006)a,Goldstein et al (2006)
8.4732,8.568468657,9,11.325,11.24448299,9,Yes,Maintenance of water quality,Intermediate Service,Negatively,Maintenance of water quality,1,1,40.958382,-74.746874,Forest,Shrub,Shrub,Ehrenfeld et al (2001)c,Ehrenfeld et al (2001)
0.2547,0.1002,15,0.0113,0.0187,15,Yes,Maintenance of water quality,Intermediate Service,Negatively,Maintenance of water quality,-9999,-9999,41.81457,-88.055935,Forest,Shrub,Tree,Heneghan et al (2006)b,Heneghan et al (2006)
-1.401766667,0.115679539,4,-1.092066667,0.054200089,4,Yes,Maintenance of water quality,Intermediate Service,Negatively,Maintenance of water quality,-9999,-9999,40.56666667,-3.2,Forest,Tree,Tree,Casto Diez et al 2009b,Castro Diez et al 2009
3.6418,2.3211,50,8.63525,4.5266,50,Yes,Maintenance of water quality,Intermediate Service,Negatively,Maintenance of water quality,-9999,-9999,21.125,-156.9583333,Scrub,Grass,Shrub,Asner et al (1996)a,Asner at al (1996)
0.0537,0.0507,15,0.0173,0.0668,15,Yes,Maintenance of water quality,Intermediate Service,Negatively,Maintenance of water quality,-9999,-9999,42.149755,-87.780998,Forest,Shrub,Tree,Heneghan et al (2006)c,Heneghan et al (2006)
35.087,0.440927352,6,32.0948,0.703469978,6,Yes,Carbon sequestration,Intermediate Service,Positively,Climate regulation,1,1,31.877558,-110.882263,Desert,Grass,Grass,Ignace et al (2007)a,Ignace et al (2007)
89.4781,6.3473,5,91.7604,5.0762,5,Yes,Carbon sequestration,Intermediate Service,Negatively,Climate regulation,3,1,-44.649116,170.403442,Grassland,Forb,Grass,Scott et al (2001)a,Scott et al (2001)
0.56,0.670820393,5,2.39,1.587608264,5,Yes,Aboveground carbon storage,Intermediate Service,Positive,Climate regulation,9,1,50.895427,4.416804,Grassland,Shrub,Grass,Vanderhoeven et al (2005)e,Vanderhoeven et al (2005)
64.5,4.82,24,71.59,4.82,24,Yes,Aboveground carbon storage,Positive,Carbon storage,Intermediate Service,5.56,4.08,50.75579,-120.465775,Grassland,Forb,Grass,Fraser et al (2011)a,Fraser et al (2011)
0.39,0.335410197,5,1.65,1.788854382,5,Yes,Aboveground carbon storage,Intermediate Service,Positively,Climate regulation,10,6,50.799751,4.414616,Scrub,Shrub,Forb,Vanderhoeven et al (2005)f,Vanderhoeven et al (2005)
688.125,3.042090784,18,1381.7531,6.543217454,18,Yes,Belowground carbon storage,Intermediate Service,Positive,Climate regulation,13,1,50.859927,4.464912,Grassland,Forb,Forb,Herr et al (2007)a,Herr et al (2007)
160,49,10,48,6,10,Yes,Aboveground carbon storage,Intermediate Service,Positive,Climate regulation,3,3,40.57,-118.34,Scrub,Grass,Shrub,Bradley et al 2006a,Bradley et al 2006
0.25,0.290688837,5,0.89,0.223606798,5,Yes,Aboveground carbon storage,Intermediate Service,Positive,Climate regulation,40,11,50.862771,4.470963,Grassland,Forb,Grass,Vanderhoeven et al (2005)a,Vanderhoeven et al (2005)
110.5207,10.0012,4,111.8765,18.125,4,Yes,Aboveground carbon storage,Intermediate Service,Positive,Climate regulation,4,1,19.76805556,-155.9386111,Forest,Grass,Tree,Litton et al (2006)a,Litton et al (2006)
246,35.35533906,8,180,9.192388155,8,Yes,Belowground carbon storage,Intermediate Service,Positive,Climate regulation,1,1,10.12,-69.7,Forest,Forb,Tree,Chacon et al (2009)a,Chacon et al (2009)
244.38905,3.580123999,40,129.0636875,2.564227863,40,Yes,Aboveground carbon storage,Intermediate Service,Positive,Climate regulation,11,4,39.13333333,26.51666667,Grassland,Forb,Forb,Petsikos et al (2007)a,Petsikos et al (2007)
1941.80858,131.92386,3,2405.3246,184.64098,3,Yes,Aboveground carbon storage,Intermediate Service,Positive,Climate regulation,1,1,31.15,122,Wetland,Grass,Grass,Cheng et al (2007)a,Cheng et al (2007)
0.708925,0.156257138,20,0.480575,0.054350377,20,Yes,Aboveground carbon storage,Intermediate Service,Positive,Climate regulation,1,1,31.41666667,121.8333333,Wetland,Grass,Grass,Peng et al (2011)a,Peng et al (2011)
950.3151,88.1727,12,1736.6926,248.4504,12,Yes,Aboveground carbon storage,Intermediate Service,Positive,Climate regulation,10.3127,1.3304,42.350045,-72.523112,Forest,Shrub,NA,Aguilera et al (2009)a,Aguilera et al (2009)
288.2334,11.6107,3,301.6107,9.2744,3,Yes,Aboveground carbon storage,Intermediate Service,Positive,Climate regulation,5,6,47.4,8.5,Wetland,Forb,Grass,Scharfy et al (2010)a,Scharfy et al (2010)
31.7119,8.0157,12,88.624,32.0263,12,Yes,Aboveground carbon storage,Intermediate Service,Positive,Climate regulation,5.3175,1.9386,42.320954,-72.590103,Forest,Shrub,Tree,Aguilera et al (2009)b,Aguilera et al (2009)
550.2045,265.7428,5,115.03705,112.2513,5,Yes,Belowground carbon storage,Intermediate Service,Positive,Climate regulation,10.2829,5.8778,49.36666667,-107.8833333,Grassland,Grass,Grass,Christian et al (1999)a,Christian et al (1999)
97.679,14.3237,7,114.3899,14.3236,7,Yes,Aboveground carbon storage,Intermediate Service,Positive,Climate regulation,11,6,40.01388889,-105.2055556,Grassland,Forb,Grass,Suding et al (2004)a,Suding et al (2004)
109.4624,32.0628,12,711.4058,264.5182,12,Yes,Aboveground carbon storage,Intermediate Service,Positive,Climate regulation,7.2073,2.5068,42.291723,-72.617741,Forest,Shrub,Tree,Aguilera et al (2009)c,Aguilera et al (2009)
42.0435,12.3299,5,69.75,15.27665,5,Yes,Aboveground carbon storage,Intermediate Service,Positive,Climate regulation,10.2829,5.8778,49.36666667,-107.8833333,Grassland,Grass,Grass,Christian et al (1999)a,Christian et al (1999)
317.9285,89.20162,3,953.50408,95.16836,3,Yes,Belowground carbon storage,Intermediate Service,Positive,Climate regulation,1,1,31.15,122,Wetland,Grass,Grass,Cheng et al (2007)a,Cheng et al (2007)
541.3493,69.6792,3,570.9676,97.5452,3,Yes,Aboveground carbon storage,Intermediate Service,Positive,Climate regulation,5,6,47.4,8.5,Wetland,Forb,Sedge,Scharfy et al (2010)c,Scharfy et al (2010)
385.75,46.4576,3,361.987,62.698,3,Yes,Aboveground carbon storage,Intermediate Service,Positive,Climate regulation,5,6,47.4,8.5,Wetland,Forb,Sedge,Scharfy et al (2010)b,Scharfy et al (2010)
345,121,4,866,167,4,Yes,Belowground carbon storage,Intermediate Service,Positive,Climate regulation,1,1,41.61666667,-83.23333333,Wetland,Grass,Forb,Rothman et al (2007)a,Rothman et al (2007)
500,80,4,1522,464,4,Yes,Aboveground carbon storage,Intermediate Service,Positively,,1,1,41.61666667,-83.23333333,Wetland,Grass,Forb,Rothman et al (2007)a,Rothman et al (2007)
500,80,4,1522,464,4,Yes,Aboveground carbon storage,Intermediate Service,Positive,Climate regulation,1,1,41.61666667,-83.23333333,Wetland,Grass,Forb,Rothman et al (2007)a,Rothman et al (2007)
1.18275,0.11723,4,1.30385,1.38748,4,Yes,Evapotranspiration,Intermediate Service,Positively,Water provision,-9999,-9999,31.8214,-110.8661,Grassland,Grass,Grass,Hamerlynk et al (2010)a,Hamerlynk et al (2010)
40.445,1.414715119,18,82.3,10.4,5,Yes,Water provision,Intermediate Service,Negatively,Water provision,-9999,-9999,25.453815,-80.667801,Forest,Shrub,Shrub,Ewe et al (2002)b,Ewe et al (2002)
78.9125,0.603401292,36,93.7,19.3,5,Yes,Water provision,Intermediate Service,Negatively,Water provision,-9999,-9999,25.408392,-80.686169,Forest,Shrub,Shrub,Ewe et al (2002)a,Ewe et al (2002)
33.71,1.93,24,12.88,12.88,24,Yes,Belowground carbon storage,Intermediate Service,Positive,Climate regulation,5.56,4.08,50.75579,-120.465775,Grassland,Forb,Grass,Fraser et al (2011)a,Fraser et al (2011)
0.172,0.073087885,108,0.146477778,0.077041395,108,Yes,Belowground carbon storage,Intermediate Service,Positive,Climate regulation,1,1,30.16666667,122.0166667,Wetland,Grass,Grass,Liao et al (2008)a,Liao et al (2008)
0.49815,0.136045456,20,0.902175,0.144491569,20,Yes,Belowground carbon storage,Intermediate Service,Positive,Climate regulation,1,1,31.41666667,121.8333333,Wetland,Grass,Grass,Peng et al (2011)a,Peng et al (2011)
6.4,0.5,9,6,0.5,9,Yes,Belowground carbon storage,Intermediate Service,Positive,Climate regulation,-9999,-9999,-40.8,175.19,Forest,Forb,Tree,Standish et al (2004)a,Standish et al (2004)
8.5,0.6,9,7.7,0.6,9,Yes,Belowground carbon storage,Intermediate Service,Positive,Climate regulation,-9999,-9999,-40.1,175.46,Forest,Forb,Tree,Standish et al (2004)b,Standish et al (2004)
0.1036,0.105310446,9,0.1991,0.201642288,9,Yes,Maintenance of water quality,Intermediate Service,negatively,,1,1,40.958382,-74.746874,Forest,Shrub,Shrub,Ehrenfeld et al (2001)c,Ehrenfeld et al (2001)
0.2911,0.305736508,9,1.01625,0.924298223,9,Yes,Maintenance of water quality,Intermediate Service,negatively,,1,1,41.0005,-75.090315,Forest,Shrub,Shrub,Ehrenfeld et al (2001)b,Ehrenfeld et al (2001)
0.0905,0.134263072,9,3.0086,2.828943606,9,Yes,Maintenance of water quality,Intermediate Service,negatively,,1,1,40.764845,-74.531681,Forest,Shrub,Shrub,Ehrenfeld et al (2001)a,Ehrenfeld et al (2001)
6.8,5.5,24,4.5,4.1,24,Yes,Maintenance of water quality,Intermediate Service,negatively,,-9999,-9999,34.83333333,-114.5833333,Forest,Tree,Shrub,Busch et al 1995a,Busch et al 1995
2.3738,0.1283,15,2.2433,0.2993,15,Yes,Maintenance of water quality,Intermediate Service,negatively,,-9999,-9999,42.149755,-87.780998,Forest,Shrub,Tree,Heneghan et al (2004)a,Heneghan et al (2004)
-0.06575,0.0657,2,0.12675,0.0822,5,Yes,Maintenance of water quality,Intermediate Service,negatively,,,,19.344837,-155.474396,Forest,Shrub,Tree,Hall et al (2007)a,Hall et al (2007)
3.9441,5.122762734,9,9.15775,7.212925369,9,Yes,Maintenance of water quality,Intermediate Service,negatively,,1,1,40.764845,-74.531681,Forest,Shrub,Shrub,Ehrenfeld et al (2001)a,Ehrenfeld et al (2001)
0.56465,0.943686242,9,1.4933,2.022050591,9,Yes,Maintenance of water quality,Intermediate Service,negatively,,1,1,40.958382,-74.746874,Forest,Shrub,Shrub,Ehrenfeld et al (2001)c,Ehrenfeld et al (2001)
3.0182,3.81226601,9,9.71305,8.688159135,9,Yes,Maintenance of water quality,Intermediate Service,negatively,,1,1,41.0005,-75.090315,Forest,Shrub,Shrub,Ehrenfeld et al (2001)b,Ehrenfeld et al (2001)
0.071,0.0249,6,0.5913,0.081,6,Yes,Maintenance of water quality,Intermediate Service,negatively,,-9999,-9999,37.72218889,-89.30602778,Grassland,Shrub,Tree,Goldstein et al (2006)a,Goldstein et al (2006)
0.0795,0.0149,5,1.3994,0.3421,5,Yes,Maintenance of water quality,Intermediate Service,negatively,,12,1,42.70338,-73.83894,Scrub,Tree,NA,Malcolm et al (2008)a,Malcolm et al (2008)
0.09,0.015,4,0.18,0.02,4,Yes,Maintenance of water quality,Intermediate Service,negatively,,-9999,-9999,23.16666667,112.1666667,Forest,Forb,NA,Chen et al 2009a,Chen et al 2009
0.021,0.006,4,0.005,0.003,4,Yes,Maintenance of water quality,Intermediate Service,negatively,,2,1,19.41666667,-155.25,Forest,Forb,Tree,Funk 2005a,Funk 2005
0.3498,0.1002,15,0.0113,0.0908,15,Yes,Maintenance of water quality,Intermediate Service,negatively,,-9999,-9999,41.81457,-88.055935,Forest,Shrub,Tree,Heneghan et al (2006)b,Heneghan et al (2006)
0.2075,0.0507,15,0.0173,0.0486,15,Yes,Maintenance of water quality,Intermediate Service,negatively,,-9999,-9999,42.149755,-87.780998,Forest,Shrub,Tree,Heneghan et al (2006)c,Heneghan et al (2006)
0.3498,0.1002,15,0.0113,0.0908,15,Yes,Maintenance of water quality,Intermediate Service,negatively,,-9999,-9999,41.81457,-88.055935,Forest,Shrub,Tree,Heneghan et al (2006)b,Heneghan et al (2006)
18.6293,18.9486,18,110.3931,10.0664,18,Yes,Maintenance of water quality,Intermediate Service,negatively,,-9999,-9999,37.69027778,-89.25388889,Grassland,Shrub,Grass,Baer et al 2006a,Baer et al 2006
1.72045,0.4353,50,2.07185,0.6383,50,Yes,Maintenance of water quality,Intermediate Service,negatively,,-9999,-9999,21.125,-156.9583333,Scrub,Grass,Shrub,Asner et al (1996)a,Asner at al (1996)
0.2075,0.0507,15,0.0173,0.0486,15,Yes,Maintenance of water quality,Intermediate Service,negatively,,-9999,-9999,42.149755,-87.780998,Forest,Shrub,Tree,Heneghan et al (2006)c,Heneghan et al (2006)
1.0998,0.2319,12,2.6389,0.3812,12,Yes,Maintenance of water quality,Intermediate Service,negatively,,,,46.91666667,-123.2666667,Grassland,Shrub,Grass,Haubensak et al 2004a,Haubensak et al 2004
0.164,0.0183,6,0.0964,0.0157,6,Yes,Maintenance of water quality,Intermediate Service,negatively,,-9999,-9999,47.328425,-114.219596,Grassland,Forb,NA,Thorpe et al (2010)a,Thorpe et al (2010)
-2.220666667,0.277532121,4,-1.6587,0.130188069,4,Yes,Maintenance of water quality,Intermediate Service,negatively,,-9999,-9999,40.56666667,-3.2,Forest,Tree,Tree,Castro Diez et al 2009a,Castro Diez et al 2009
-2.487766667,0.106951476,4,-2.595433333,0.086373688,4,Yes,Maintenance of water quality,Intermediate Service,negatively,,-9999,-9999,40.56666667,-3.2,Forest,Tree,Tree,Casto Diez et al 2009b,Castro Diez et al 2009
2.7119,0.7355,6,5.0589,0.9196,6,Yes,Maintenance of water quality,Intermediate Service,negatively,,-9999,-9999,41.954958,-73.364811,Forest,Forb,Forb,Rodgers et al (2008)c,Rodgers et al (2008)
391.3493333,17.97176667,5,514.3036,44.92936667,5,Yes,Maintenance of water quality,Intermediate Service,negatively,,1,1,43,-76.75,Wetland,Forb,Grass,Fickbohm et al 2006a,Fickbohm et al 2006
0.6051,0.1028,15,0.4376,0.1015,15,Yes,Maintenance of water quality,Intermediate Service,negatively,,-9999,-9999,41.81457,-88.055935,Forest,Shrub,Tree,Heneghan et al (2006)b,Heneghan et al (2006)
55.9856,6.135240144,8,58.5606,6.239524028,8,Yes,Maintenance of water quality,Intermediate Service,negatively,,3,1,44.140627,-100.279706,Grassland,Grass,Grass,Nosshi et al (2007)b,Nosshi et al (2007)
-2.292,0.129295522,4,-2.150466667,0.138394604,4,Yes,Maintenance of water quality,Intermediate Service,negatively,,-9999,-9999,40.56666667,-3.2,Forest,Tree,Tree,Casto Diez et al 2009b,Castro Diez et al 2009
50.9565,6.248413836,8,60.3153,6.248251795,8,Yes,Maintenance of water quality,Intermediate Service,negatively,,1,1,44.140627,-100.279706,Grassland,Grass,Grass,Nosshi et al (2007)a,Nosshi et al (2007)
0.1933,0.0288,7,0.2286,0.0336,7,Yes,Maintenance of water quality,Intermediate Service,negatively,,11,6,40.01388889,-105.2055556,Grassland,Forb,Grass,Suding et al (2004)a,Suding et al (2004)
0.6051,0.1028,15,0.4376,0.1015,15,Yes,Maintenance of water quality,Intermediate Service,negatively,,-9999,-9999,41.81457,-88.055935,Forest,Shrub,Tree,Heneghan et al (2006)b,Heneghan et al (2006)
0.9413,0.5058,6,0.8976,0.5518,6,Yes,Maintenance of water quality,Intermediate Service,negatively,,-9999,-9999,41.982718,-73.422661,Forest,Forb,Forb,Rodgers et al (2008)a,Rodgers et al (2008)
0.5123,0.3217,6,1.5721,0.7354,6,Yes,Maintenance of water quality,Intermediate Service,negatively,,-9999,-9999,41.960511,-73.308163,Forest,Forb,Forbs,Rodgers et al (2008)e,Rodgers et al (2008)
5.0948,2.2529,6,5.327,1.0575,6,Yes,Maintenance of water quality,Intermediate Service,negatively,,-9999,-9999,41.981442,-73.194695,Forest,Forb,Forbs,Rodgers et al (2008)d,Rodgers et al (2008)
0.2612,0.0374,15,0.0598,0.0561,15,Yes,Maintenance of water quality,Intermediate Service,negatively,,-9999,-9999,42.149755,-87.780998,Forest,Shrub,Tree,Heneghan et al (2006)c,Heneghan et al (2006)
0.2612,0.0374,15,0.0598,0.0561,15,Yes,Maintenance of water quality,Intermediate Service,negatively,,-9999,-9999,42.149755,-87.780998,Forest,Shrub,Tree,Heneghan et al (2006)c,Heneghan et al (2006)
-0.28225,0.41785,2,0.1292,0.0497,5,Yes,Maintenance of water quality,Intermediate Service,negatively,,,,19.344837,-155.474396,Forest,Shrub,Tree,Hall et al (2007)a,Hall et al (2007)
0.648,0.2903,20,0.0674,0.2338,20,Yes,Maintenance of water quality,Intermediate Service,negatively,,3,3,38.044035,-109.734879,Grassland,Grass,Grass,Rimer et al (2006)a,Rimer et al (2006)
-3.150433333,0.188039283,4,-2.654833333,0.298093612,4,Yes,Maintenance of water quality,Intermediate Service,negatively,,-9999,-9999,40.56666667,-3.2,Forest,Tree,Tree,Castro Diez et al 2009a,Castro Diez et al 2009
6.9952,1.5605,6,4.644,3.4203,6,Yes,Maintenance of water quality,Intermediate Service,negatively,,-9999,-9999,-33.51666667,18.53333333,Scrub,Tree,NA,Stock et al (1995)a,Stock et al (1995)
4.6735,1.0113,6,8.9516,0.7818,6,Yes,Maintenance of water quality,Intermediate Service,negatively,,-9999,-9999,42.333423,-71.208229,Forest,Forb,Forb,Rodgers et al (2008)b,Rodgers et al (2008)
0.0371,0.0374,6,0.5512,0.0966,6,Yes,Maintenance of water quality,Intermediate Service,negatively,,-9999,-9999,37.72218889,-89.30602778,Grassland,Shrub,Tree,Goldstein et al (2006)a,Goldstein et al (2006)
0.2612,0.0374,15,0.0598,0.0561,15,Yes,Maintenance of water quality,Intermediate Service,negatively,,-9999,-9999,42.149755,-87.780998,Forest,Shrub,Tree,Heneghan et al (2006)c,Heneghan et al (2006)
13.2185,2.2449,6,25.7835,7.1259,6,Yes,Maintenance of water quality,Intermediate Service,negatively,,-9999,-9999,-33.75,18.45,Coastal dune,Tree,NA,Stock et al (1995)b,Stock et al (1995)
0.2581,0.0528,5,1.4073,0.3826,5,Yes,Maintenance of water quality,Intermediate Service,negatively,,12,1,42.70338,-73.83894,Scrub,Tree,NA,Malcolm et al (2008)a,Malcolm et al (2008)
0.1323,0.0802,6,0.1327,0.0437,6,Yes,Maintenance of water quality,Intermediate Service,negatively,,-9999,-9999,41.960511,-73.308163,Forest,Forb,Forbs,Rodgers et al (2008)e,Rodgers et al (2008)
0.0691,0.0364,6,0.1643,0.0656,6,Yes,Maintenance of water quality,Intermediate Service,negatively,,-9999,-9999,41.982718,-73.422661,Forest,Forb,Forb,Rodgers et al (2008)a,Rodgers et al (2008)
0.5587,0.2405,6,1.1495,0.2041,6,Yes,Maintenance of water quality,Intermediate Service,negatively,,-9999,-9999,42.333423,-71.208229,Forest,Forb,Forb,Rodgers et al (2008)b,Rodgers et al (2008)
0.1384,0.0145,6,0.2408,0.102,6,Yes,Maintenance of water quality,Intermediate Service,negatively,,-9999,-9999,41.954958,-73.364811,Forest,Forb,Forb,Rodgers et al (2008)c,Rodgers et al (2008)
0.0715,0.0292,6,0.5165,0.175,6,Yes,Maintenance of water quality,Intermediate Service,negatively,,-9999,-9999,41.981442,-73.194695,Forest,Forb,Forbs,Rodgers et al (2008)d,Rodgers et al (2008)
1.4284,0.4246,6,1.8087,0.6368,6,Yes,Maintenance of water quality,Intermediate Service,negatively,,-9999,-9999,-33.51666667,18.53333333,Scrub,Tree,NA,Stock et al (1995)a,Stock et al (1995)
5.762,1.3445,6,9.0435,2.1933,6,Yes,Maintenance of water quality,Intermediate Service,negatively,,-9999,-9999,-33.75,18.45,Coastal dune,Tree,NA,Stock et al (1995)b,Stock et al (1995)
0.123266667,0.007558635,4,0.147233333,0.013011737,4,Yes,Maintenance of water quality,Intermediate Service,negatively,,-9999,-9999,40.56666667,-3.2,Forest,Tree,Tree,Casto Diez et al 2009b,Castro Diez et al 2009
2.59,0.28,14,2.15,0.25,14,Yes,Maintenance of water quality,Intermediate Service,negatively,,9.71,8.21,46.78333333,6.15,Mixed,Forb,NA,Scharfy et al (2009)a,Scharfy et al (2009)
535.563,65.7927,12,1447.8847,328.8052,12,Yes,Maintenance of water quality,Intermediate Service,negatively,,-9999,-9999,-33.497101,18.589897,Scrub,Tree,NA,Yelenik et al (2007)a,Yelenik et al (2007)
1154.7727,252.0535,12,1519.152,131.5855,12,Yes,Maintenance of water quality,Intermediate Service,negatively,,-9999,-9999,-33.497101,18.589897,Scrub,Shrub,NA,Yelenik et al (2007)b,Yelenik et al (2007)
2.122994118,0.133974837,6,2.567729412,0.402919669,6,Yes,Maintenance of water quality,Intermediate Service,negatively,,-9999,-9999,-33.75,18.45,Coastal dune,Tree,NA,Stock et al (1995)b,Stock et al (1995)
22.42753333,1.32868366,4,19.49266667,1.289635253,4,Yes,Maintenance of water quality,Intermediate Service,negatively,,-9999,-9999,40.56666667,-3.2,Forest,Tree,Tree,Castro Diez et al 2009a,Castro Diez et al 2009
4.470987037,0.15908029,15,5.543325185,0.166551674,15,Yes,Maintenance of water quality,Intermediate Service,negatively,,-9999,-9999,38.333847,-109.877357,Grassland,Grass,Grass,Sperry et al (2006)a,Sperry et al (2006)
5.166122222,0.135784271,15,5.10397963,0.122199085,15,Yes,Maintenance of water quality,Intermediate Service,negatively,,-9999,-9999,38.333847,-109.877357,Grassland,Grass,Grass,Sperry et al (2006)b,Sperry et al (2006)
9.45,0.32,4,12.29,0.645,4,Yes,Maintenance of water quality,Intermediate Service,negatively,,-9999,-9999,23.16666667,112.1666667,Forest,Forb,NA,Chen et al 2009a,Chen et al 2009
1.41202,0.34373,4,1.95398,0.44302,4,Yes,Maintenance of water quality,Intermediate Service,negatively,,5,2,-34.96666667,150.7833333,Coastal dune,Shrub,Tree,Lindsay et al (2005)b,Lindsay et al (2005)
0.0142,0.0024,9,0.0546,0.0023,9,Yes,Maintenance of water quality,Intermediate Service,negatively,,-9999,-9999,39.576619,-74.331007,Wetland,Grass,Grass,Windham et al (2003)a,Windham et al (2003)
315.8515667,101.7792373,5,441.3736333,38.76542886,5,Yes,Maintenance of water quality,Intermediate Service,negatively,,1,1,43,-76.75,Wetland,Forb,Grass,Fickbohm et al 2006a,Fickbohm et al 2006
711.4875375,2.458972486,40,1084.968063,3.261525784,40,Yes,Maintenance of water quality,Intermediate Service,negatively,,-9999,-9999,-12.71666667,131.8166667,Grassland,Grass,Grass,Rossiter-Racher et al (2009)a,Rossiter-Racher et al (2009)
1.8497,0.4509,6,2.2326,0.331,6,Yes,Maintenance of water quality,Intermediate Service,negatively,,-9999,-9999,47.328425,-114.219596,Grassland,Forb,NA,Thorpe et al (2010)a,Thorpe et al (2010)
2.72,0.04,4,3.12,0.02,4,Yes,Belowground carbon storage,Intermediate Service,Positive,Climate regulation,8,1,23.66631667,113.1498667,Grassland,Shrub,Grass,Fan et al (2010)a,Fan et al (2010)
24.6,1.4,20,23.8,2.4,20,Yes,Belowground carbon storage,Intermediate Service,Positive,Climate regulation,1,1,41.61666667,-83.23333333,Wetland,Grass,Forb,Rothman et al (2007)a,Rothman et al (2007)
6.625,0.690762461,3,5.325,0.058797686,3,Yes,Belowground carbon storage,Intermediate Service,Positive,Climate regulation,22,1,39.279773,-86.573124,Wetland,Grass,Sedge,Bills et al (2011)a,Bills et al (2011)
0.44,0.013,40,0.48,0.022,40,Yes,Belowground carbon storage,Intermediate Service,Positive,Climate regulation,3,3,40.57,-118.34,Scrub,Grass,Shrub,Bradley et al 2006a,Bradley et al 2006
2.09,0.1,9,2.28,0.09,9,Yes,Belowground carbon storage,Intermediate Service,Positive,Climate regulation,5,6,47.4,8.5,Wetland,Forb,Grass,Scharfy et al (2010)a,Scharfy et al (2010)
19.5,0.3,5,16.8,0.2,5,Yes,Belowground carbon storage,Intermediate Service,Positive,Climate regulation,11.42,11.08,48.325,-122.4583333,Grassland,Shrub,NA,Shaben et al (2009)a,Shaben et al (2009)
3.453883333,0.313166478,6,4.948516667,0.34459668,6,Yes,Belowground carbon storage,Intermediate Service,Positive,Climate regulation,1,1,31.15,122,Wetland,Grass,Grass,Cheng et al (2009)a,Cheng et al (2010)
0.3222,0.0598,3,0.6919,0.1972,3,Yes,Belowground carbon storage,Intermediate Service,Positive,Climate regulation,-9999,-9999,42.143742,-88.042717,Forest,Shrub,Tree,Heneghan et al (2006)a,Heneghan et al (2006)
6.2542,0.9153,10,4.4407,0.9322,10,Yes,Belowground carbon storage,Intermediate Service,Positive,Climate regulation,28.1718,18.04786,35.209722,24.829102,Mixed,Forb,NA,Vila et al (2006)m,Vila et al (2006)
0.92,0.14,6,2.47,0.69,6,Yes,Belowground carbon storage,Intermediate Service,Positive,Climate regulation,-9999,-9999,-33.51666667,18.53333333,Scrub,Tree,NA,Stock et al (1995)a,Stock et al (1995)
7.13,0.23,24,5.05,0.31,24,Yes,Belowground carbon storage,Intermediate Service,Positive,Climate regulation,5.56,4.08,50.75579,-120.465775,Grassland,Forb,Grass,Fraser et al (2011)a,Fraser et al (2011)
2.1788,0.1911,5,1.5777,0.1367,5,Yes,Belowground carbon storage,Intermediate Service,Positive,Climate regulation,10.2829,5.8778,49.36666667,-107.8833333,Grassland,Grass,Grass,Christian et al (1999)a,Christian et al (1999)
2.5,0.070710678,8,2.9,0.106066017,8,Yes,Belowground carbon storage,Intermediate Service,Positive,Climate regulation,1,1,10.12,-69.7,Forest,Forb,Tree,Chacon et al (2009)a,Chacon et al (2009)
1.6,0.106066017,8,2,0.070710678,8,Yes,Belowground carbon storage,Intermediate Service,Positive,Climate regulation,7,1,10.12,-69.7,Scrub,Forb,,Chacon et al (2009)b,Chacon et al (2009)
13.0434,2.4657,3,14.018,2.0961,3,Yes,Belowground carbon storage,Intermediate Service,Positive,Climate regulation,-9999,-9999,42.149755,-87.780998,Forest,Shrub,Tree,Heneghan et al (2006)c,Heneghan et al (2006)
4.5438,0.72,3,8.8961,2.1598,3,Yes,Belowground carbon storage,Intermediate Service,Positive,Climate regulation,-9999,-9999,41.81457,-88.055935,Forest,Shrub,Tree,Heneghan et al (2006)b,Heneghan et al (2006)
3.4485,1.2236,15,6.0545,0.5122,15,Yes,Belowground carbon storage,Intermediate Service,Positive,Climate regulation,-9999,-9999,42.149755,-87.780998,Forest,Shrub,Tree,Heneghan et al (2004)a,Heneghan et al (2004)
22.21,3.2,6,17.24,3.56,6,Yes,Belowground carbon storage,Intermediate Service,Positive,Climate regulation,-9999,-9999,33.88783333,-88.6345,Forest,Grass,Tree,Strickland et al (2010)a,Strickland et al (2010)
1.07,0.15,6,2.29,0.32,6,Yes,Belowground carbon storage,Intermediate Service,Positive,Climate regulation,-9999,-9999,-33.75,18.45,Coastal dune,Tree,NA,Stock et al (1995)b,Stock et al (1995)
40.605,3.5778,5,35.4948,3.5778,5,Yes,Belowground carbon storage,Intermediate Service,Positive,Climate regulation,3,1,-44.649116,170.403442,Grassland,Forb,Grass,Scott et al (2001)a,Scott et al (2001)
2.30925,1.790407502,15,2.29875,1.385874751,15,Yes,Belowground carbon storage,Intermediate Service,Positive,Climate regulation,15,11.5,57.13333333,-2.633333333,Grassland,Forb,NA,Truscott et al (2008)a,Truscott et al (2008)
19.3405,1.6993,5,20.8492,1.6993,5,Yes,Belowground carbon storage,Intermediate Service,Positive,Climate regulation,3,1,-44.649116,170.403442,Grassland,Forb,Grass,Scott et al (2001)a,Scott et al (2001)
4,0.4576,12,3.9661,0.3729,12,Yes,Belowground carbon storage,Intermediate Service,Positive,Climate regulation,27.80175,25.35003,39.943436,4.11438,Mixed,Forb,NA,Vila et al (2006)p,Vila et al (2006)
6.1172,1.6034,14,5.1802,0.9355,14,Yes,Belowground carbon storage,Intermediate Service,Positive,Climate regulation,23.30315,10.2134,35.209722,24.829102,Mixed,Forb,NA,Vila et al (2006)h,Vila et al (2006)
1.74375,1.457135351,15,2.138,1.367445627,15,Yes,Belowground carbon storage,Intermediate Service,Positive,Climate regulation,15,11.5,57.13333333,-2.633333333,Grassland,Forb,NA,Truscott et al (2008)b,Truscott et al (2008)
1.4,0.28,12,1.1,0.29,12,Yes,Belowground carbon storage,Intermediate Service,Positive,Climate regulation,-9999,-9999,-33.497101,18.589897,Scrub,Shrub,NA,Yelenik et al (2007)b,Yelenik et al (2007)
0.8,0.02,12,2.5,0.34,12,Yes,Belowground carbon storage,Intermediate Service,Positive,Climate regulation,-9999,-9999,-33.497101,18.589897,Scrub,Tree,NA,Yelenik et al (2007)a,Yelenik et al (2007)
2.7206,0.735,21,6.1268,0.9355,21,Yes,Belowground carbon storage,Intermediate Service,Positive,Climate regulation,4.54484,5.31819,43.011677,6.223068,Mixed,Forb,NA,Vila et al (2006)g,Vila et al (2006)
0.7109,0.1336,30,0.8426,0.1335,30,Yes,Belowground carbon storage,Intermediate Service,Positive,Climate regulation,16.83404,9.73009,40.010787,9.173584,Mixed,Forb,NA,Vila et al (2006)k,Vila et al (2006)
1.7966,0.2542,30,1.7119,0.2034,30,Yes,Belowground carbon storage,Intermediate Service,Positive,Climate regulation,12.28997,11.83949,40.010787,9.173584,Mixed,Forb,NA,Vila et al (2006)q,Vila et al (2006)
6.3559,0.5933,30,6.3898,0.5763,30,Yes,Belowground carbon storage,Intermediate Service,Positive,Climate regulation,22.33423,12.54448,39.258841,26.27655,Mixed,Forb,NA,Vila et al (2006)n,Vila et al (2006)
3.8008,0.6013,24,4.8683,0.5347,24,Yes,Belowground carbon storage,Intermediate Service,Positive,Climate regulation,15.8515,9.96323,39.943436,4.11438,Mixed,Forb,NA,Vila et al (2006)j,Vila et al (2006)
6.322,0.9153,24,6.7966,0.7119,24,Yes,Belowground carbon storage,Intermediate Service,Positive,Climate regulation,10.97393,9.85657,43.011677,6.223068,Mixed,Forb,NA,Vila et al (2006)l,Vila et al (2006)
10.5549,0.4008,25,12.1566,0.2674,25,Yes,Belowground carbon storage,Intermediate Service,Positive,Climate regulation,13.6846,7.14162,39.696621,3.02948,Mixed,Forb,NA,Vila et al (2006)i,Vila et al (2006)
3.7288,0.4237,22,3.6271,0.2882,22,Yes,Belowground carbon storage,Intermediate Service,Positive,Climate regulation,19.59155,19.80914,39.696621,3.02948,Mixed,Forb,NA,Vila et al (2006)o,Vila et al (2006)
0.193,0.041012193,18,0.288,0.056568542,18,Yes,Belowground carbon storage,Intermediate Service,Positive,Climate regulation,-9999,-9999,27.5,76,Forest,Tree,Tree,Sharma et al (1998)a,Sharma et al (1998)
10.4,0.3,3,10.4,0.6,3,Yes,Belowground carbon storage,Intermediate Service,Positive,Climate regulation,11.9,112.53,48.57933333,-123.5216667,Grassland,Shrub,NA,Shaben et al (2009)b,Shaben et al (2009)
42.1493,1.9812,30,58.2526,1.9811,30,Yes,Water infiltration,Intermediate Service,Positively,Water provision,3,1,48.23333333,-122.7333333,Wetland,Grass,Grass,Hacker et al (2006)b,Hacker et al (2006)
22.76,0.24,4,18.35,0.24,4,Yes,Water infiltration,Intermediate Service,Positively,Water provision,-9999,-9999,41.726759,-122.500885,Grassland,Forb,Grass,Enloe et al (2004)a,Enloe et al (2004)
4.169885185,0.086585937,15,4.389401852,0.088026303,15,Yes,Water infiltration,Intermediate Service,Positively,Water provision,-9999,-9999,38.333847,-109.877357,Grassland,Grass,Grass,Sperry et al (2006)a,Sperry et al (2006)
3.926553704,0.09230061,15,3.818787037,0.094608341,15,Yes,Water infiltration,Intermediate Service,Positively,Water provision,-9999,-9999,38.333847,-109.877357,Grassland,Grass,Grass,Sperry et al (2006)b,Sperry et al (2006)
35.64055,0.1193605,15,36.1735,0.09239165,15,Yes,Water infiltration,Intermediate Service,Positively,Water provision,15,11.5,57.13333333,-2.633333333,Grassland,Forb,NA,Truscott et al (2008)a,Truscott et al (2008)
36.0152,0.097142357,15,41.29845,0.091163042,15,Yes,Water infiltration,Intermediate Service,Positively,Water provision,15,11.5,57.13333333,-2.633333333,Grassland,Forb,NA,Truscott et al (2008)b,Truscott et al (2008)
3.9756,0.2442,4,6.635,7.3134,4,Yes,Water infiltration,Intermediate Service,Positively,Water provision,-9999,-9999,32.837121,-97.479286,Grassland,Grass,Grass,Rout et al (2008)a,Rout et al (2008)
12.89323529,1.130470635,6,6.799576471,0.541120832,6,Yes,Maintenance of water quality,Intermediate Service,negatively,,-9999,-9999,-33.75,18.45,Coastal dune,Tree,NA,Stock et al (1995)b,Stock et al (1995)
1.37,0.1222,4,1.7569,2.0149,4,Yes,Maintenance of water quality,Intermediate Service,negatively,,-9999,-9999,32.837121,-97.479286,Grassland,Grass,Grass,Rout et al (2008)a,Rout et al (2008)
1.3256,0.133030596,4,1.432266667,0.117100371,4,Yes,Maintenance of water quality,Intermediate Service,negatively,,-9999,-9999,40.56666667,-3.2,Forest,Tree,Tree,Casto Diez et al 2009b,Castro Diez et al 2009
1.058961111,0.043805321,15,1.421394444,0.055819449,15,Yes,Maintenance of water quality,Intermediate Service,negatively,,-9999,-9999,38.333847,-109.877357,Grassland,Grass,Grass,Sperry et al (2006)a,Sperry et al (2006)
2.071882353,0.002425356,6,2.516317647,0.002425356,6,Yes,Maintenance of water quality,Intermediate Service,negatively,,-9999,-9999,-33.51666667,18.53333333,Scrub,Tree,NA,Stock et al (1995)a,Stock et al (1995)
344.1734,108.4011,12,1048.7805,130.0813,12,Yes,Maintenance of water quality,Intermediate Service,negatively,,-9999,-9999,-33.497101,18.589897,Scrub,Shrub,NA,Yelenik et al (2007)b,Yelenik et al (2007)
50.6543,7.1999,6,37.1667,8.3034,6,Yes,Maintenance of water quality,Intermediate Service,negatively,,-9999,-9999,47.328425,-114.219596,Grassland,Forb,NA,Thorpe et al (2010)a,Thorpe et al (2010)
1.176024717,0.030430617,15,1.22065625,0.092956282,15,Yes,Maintenance of water quality,Intermediate Service,negatively,,-9999,-9999,38.333847,-109.877357,Grassland,Grass,Grass,Sperry et al (2006)b,Sperry et al (2006)
311.6531,10.8401,12,615.1762,184.2818,12,Yes,Maintenance of water quality,Intermediate Service,negatively,,-9999,-9999,-33.497101,18.589897,Scrub,Tree,NA,Yelenik et al (2007)a,Yelenik et al (2007)
8.3,1.1,3,8.5,2.2,3,Yes,Maintenance of water quality,Intermediate Service,negatively,,-9999,-9999,38.24878,-109.873495,Grassland,Grass,Grass,Belnap et al (2005)a,Belnap et al (2005)
3.98,0.56,14,3.38,0.55,14,Yes,Maintenance of water quality,Intermediate Service,negatively,,9.71,8.21,46.78333333,6.15,Mixed,Forb,NA,Scharfy et al (2009)a,Scharfy et al (2009)
1.96,0.115,4,2.53,0.275,4,Yes,Maintenance of water quality,Intermediate Service,negatively,,-9999,-9999,23.16666667,112.1666667,Forest,Forb,NA,Chen et al 2009a,Chen et al 2009
418.3619875,1.87504806,40,257.750075,1.443190858,40,Yes,Maintenance of water quality,Intermediate Service,negatively,,-9999,-9999,-12.71666667,131.8166667,Grassland,Grass,Grass,Rossiter-Racher et al (2009)a,Rossiter-Racher et al (2009)
0.2455,0.0147,6,0.2242,0.0311,6,Yes,Maintenance of water quality,Intermediate Service,negatively,,-9999,-9999,45.66,-110.665,Grassland,Forb,Grass,Hook et al (2004)h,Hook et al (2004)
3.6774,0.6799,3,5.7095,2.7998,3,Yes,Maintenance of water quality,Intermediate Service,negatively,,-9999,-9999,41.81457,-88.055935,Forest,Shrub,Tree,Heneghan et al (2006)b,Heneghan et al (2006)
0.14,0.010606602,8,0.15,0.010606602,8,Yes,Maintenance of water quality,Intermediate Service,negatively,,7,1,10.12,-69.7,Scrub,Forb,,Chacon et al (2009)b,Chacon et al (2009)
0.94,0.06,4,1.12,0.03,4,Yes,Maintenance of water quality,Intermediate Service,negatively,,8,1,23.66631667,113.1498667,Grassland,Shrub,Grass,Fan et al (2010)a,Fan et al (2010)
1.7,0.04472136,5,1.2,0.04472136,5,Yes,Maintenance of water quality,Intermediate Service,negatively,,-9999,-9999,28.85,120.9166667,Mixed,Forb,NA,Zhang et al (2009)a,Zhang et al (2009)
0.2623,0.0492,3,0.4419,0.2324,3,Yes,Maintenance of water quality,Intermediate Service,negatively,,-9999,-9999,42.143742,-88.042717,Forest,Shrub,Tree,Heneghan et al (2006)a,Heneghan et al (2006)
0.41,0.03,24,0.25,0.02,24,Yes,Maintenance of water quality,Intermediate Service,negatively,,5.56,4.08,50.75579,-120.465775,Grassland,Forb,Grass,Fraser et al (2011)a,Fraser et al (2011)
13.8,0.4,5,25.9,0.5,5,Yes,Maintenance of water quality,Intermediate Service,negatively,,-9999,-9999,19.44805556,-154.8611111,Forest,Tree,Tree,Allison et al 2006a,Allison et al 2006
14.5,0.5,5,31.3,0.7,5,Yes,Maintenance of water quality,Intermediate Service,negatively,,-9999,-9999,19.41972222,-154.9538889,Forest,Tree,Tree,Allison et al 2006b,Allison et al 2006
289,34.5,6,788,118.2,6,Yes,Maintenance of water quality,Intermediate Service,negatively,,-9999,-9999,-33.75,18.45,Coastal dune,Tree,NA,Stock et al (1995)b,Stock et al (1995)
0.204,0.0261,5,0.1532,0.0151,5,Yes,Maintenance of water quality,Intermediate Service,negatively,,10.2829,5.8778,49.36666667,-107.8833333,Grassland,Grass,Grass,Christian et al (1999)a,Christian et al (1999)
21,0.9,5,23.9,2.5,5,Yes,Maintenance of water quality,Intermediate Service,negatively,,-9999,-9999,19.41972222,-154.9538889,Forest,Tree,Tree,Allison et al 2006c,Allison et al 2006
0.675,0.605185922,3,7.625,0.796476616,3,Yes,Maintenance of water quality,Intermediate Service,negatively,,22,1,39.279773,-86.573124,Wetland,Grass,Sedge,Bills et al (2011)a,Bills et al (2011)
1.8406,0.584266667,5,0.9986,0.294666667,5,Yes,Maintenance of water quality,Intermediate Service,negatively,,10.2829,5.8778,49.36666667,-107.8833333,Grassland,Grass,Grass,Christian et al (1999)a,Christian et al (1999)
1.4044,0.191786792,3,1.803666667,0.353908378,3,Yes,Maintenance of water quality,Intermediate Service,negatively,,-9999,-9999,38.09527778,-109.8419444,Grassland,Grass,Grass,Evans et al (2001)b,Evans et al (2001)
2.1,0.7,4,2.4,0.3,4,Yes,Maintenance of water quality,Intermediate Service,negatively,,2,1,19.41666667,-155.25,Forest,Forb,Tree,Funk 2005a,Funk 2005
23.9,1.75,4,62.55,7.35,4,Yes,Maintenance of water quality,Intermediate Service,negatively,,8,1,23.66631667,113.1498667,Grassland,Shrub,Grass,Fan et al (2010)a,Fan et al (2010)
58.9251,5.2292,20,26.5817,3.2923,20,Yes,Maintenance of water quality,Intermediate Service,negatively,,3,3,38.044035,-109.734879,Grassland,Grass,Grass,Rimer et al (2006)a,Rimer et al (2006)
12.8378,0.7401,3,13.9975,0.4933,3,Yes,Maintenance of water quality,Intermediate Service,negatively,,-9999,-9999,42.149755,-87.780998,Forest,Shrub,Tree,Heneghan et al (2006)c,Heneghan et al (2006)
3.7281,0.3236,15,4.6315,0.1078,15,Yes,Maintenance of water quality,Intermediate Service,negatively,,-9999,-9999,38.333847,-109.877357,Grassland,Grass,Grass,Sperry et al (2006)a,Sperry et al (2006)
0.1135,0.0084,5,0.3527,0.091,5,Yes,Maintenance of water quality,Intermediate Service,negatively,,12,1,42.70338,-73.83894,Scrub,Tree,NA,Malcolm et al (2008)a,Malcolm et al (2008)
3.2572,0.2776,5,2.9409,0.2776,5,Yes,Maintenance of water quality,Intermediate Service,negatively,,3,1,-44.649116,170.403442,Grassland,Forb,Grass,Scott et al (2001)a,Scott et al (2001)
1.6966,0.1701,5,1.8369,0.1701,5,Yes,Maintenance of water quality,Intermediate Service,negatively,,3,1,-44.649116,170.403442,Grassland,Forb,Grass,Scott et al (2001)a,Scott et al (2001)
0.19,0.007071068,8,0.15,0.007071068,8,Yes,Maintenance of water quality,Intermediate Service,negatively,,1,1,10.12,-69.7,Forest,Forb,Tree,Chacon et al (2009)a,Chacon et al (2009)
11.187,1.4107,15,9.1756,0.5557,15,Yes,Maintenance of water quality,Intermediate Service,negatively,,-9999,-9999,42.149755,-87.780998,Forest,Shrub,Tree,Heneghan et al (2004)a,Heneghan et al (2004)
0.02375,0.23125,15,0.4626,0.0415,15,Yes,Maintenance of water quality,Intermediate Service,negatively,,-9999,-9999,42.149755,-87.780998,Forest,Shrub,Tree,Heneghan et al (2004)a,Heneghan et al (2004)
3.8225,0.4988,15,4.5236,0.31,15,Yes,Maintenance of water quality,Intermediate Service,negatively,,-9999,-9999,38.333847,-109.877357,Grassland,Grass,Grass,Sperry et al (2006)b,Sperry et al (2006)
203.14565,1.056470371,20,172.57035,0.955469022,20,Yes,Maintenance of water quality,Intermediate Service,negatively,,-9999,-9999,-12.71666667,131.8166667,Grassland,Grass,Grass,Rossiter-Racher et al (2009)a,Rossiter-Racher et al (2009)
42.9386,4.3455,20,22.0804,1.9555,20,Yes,Maintenance of water quality,Intermediate Service,negatively,,3,3,38.044035,-109.734879,Grassland,Grass,Grass,Rimer et al (2006)a,Rimer et al (2006)
0.3348,0.01,6,0.2945,0.0057,6,Yes,Maintenance of water quality,Intermediate Service,negatively,,24,1,50.45833333,3.840277778,Grassland,Shrub,Grass,Dassonville et al 2007f,Dassonville et al 2007
0.1903,0.0036,4,0.1734,0.0155,4,Yes,Maintenance of water quality,Intermediate Service,negatively,,-9999,-9999,42.22302,3.085184,Grassland,Grass,Grass,Domenech et al 2006d,Domenech et al 2006
0.26,0.178885438,5,0.28,0.111803399,5,Yes,Maintenance of water quality,Intermediate Service,negatively,,9,1,50.895427,4.416804,Grassland,Shrub,Grass,Vanderhoeven et al (2005)e,Vanderhoeven et al (2005)
0.31,0.245967478,5,0.22,0.089442719,5,Yes,Maintenance of water quality,Intermediate Service,negatively,,11,4,50.799751,4.414616,Forest,Shrub,Shrub,Vanderhoeven et al (2005)d,Vanderhoeven et al (2005)
0.35,0.089442719,5,0.34,0.894427191,5,Yes,Maintenance of water quality,Intermediate Service,negatively,,10,6,50.799751,4.414616,Scrub,Shrub,Forb,Vanderhoeven et al (2005)f,Vanderhoeven et al (2005)
0.14,0.02236068,5,0.15,0.067082039,5,Yes,Maintenance of water quality,Intermediate Service,negatively,,40,11,50.862771,4.470963,Grassland,Forb,Grass,Vanderhoeven et al (2005)a,Vanderhoeven et al (2005)
0.214,0.01,4,0.1237,0.0046,4,Yes,Maintenance of water quality,Intermediate Service,negatively,,-9999,-9999,42.22302,3.085184,Grassland,Grass,Grass,Domenech et al 2006a,Domenech et al 2006
385,16,3,445,22,3,Yes,Maintenance of water quality,Intermediate Service,negatively,,-9999,-9999,38.24878,-109.873495,Grassland,Grass,Grass,Belnap et al (2005)a,Belnap et al (2005)
0.24,0.111803399,5,0.25,0.089442719,5,Yes,Maintenance of water quality,Intermediate Service,negatively,,7,14,50.799751,4.414616,Scrub,Forb,Forb,Vanderhoeven et al (2005)h,Vanderhoeven et al (2005)
344.1,8.08084154,12,347.9,6.66183158,12,Yes,Maintenance of water quality,Intermediate Service,negatively,,-9999,-9999,37.69027778,-89.25388889,Grassland,Shrub,Grass,Baer et al 2006a,Baer et al 2006
146,10.2,6,538,91.9,6,Yes,Maintenance of water quality,Intermediate Service,negatively,,-9999,-9999,-33.51666667,18.53333333,Scrub,Tree,NA,Stock et al (1995)a,Stock et al (1995)
16,19,10,3,2,10,Yes,Maintenance of water quality,Intermediate Service,negatively,,-9999,-9999,19.733421,-155.090389,Forest,Shrub,Tree,Kurten et al (2008)a,Kurten et al (2008)
1.02,0.15513435,6,0.64,0.057154761,6,Yes,Maintenance of water quality,Intermediate Service,negatively,,2,1,50.800919,4.414715,Forest,Forb,Forb,Koutika et al (2007)h,Koutika et al (2007)
0.1487,0.0755,6,0.2212,0.0246,6,Yes,Maintenance of water quality,Intermediate Service,negatively,,4,4,50.57222222,4.711666667,Mixed,Shrub,Forb,Dassonville et al 2007c,Dassonville et al 2007
0.52,0.313049517,5,0.45,0.424852916,5,Yes,Maintenance of water quality,Intermediate Service,negatively,,12,4,50.870477,4.314837,Grassland,Forb,Forb,Vanderhoeven et al (2005)g,Vanderhoeven et al (2005)
5.03,0.6,5,6.33,0.58,5,Yes,Maintenance of water quality,Intermediate Service,negatively,,-9999,-9999,39.33536,-123.800812,Grassland,Grass,Grass,Caldwell 2006a,Caldwell 2006
0.14,0.004082483,6,0.15,0.008164966,6,Yes,Maintenance of water quality,Intermediate Service,negatively,,8,1,50.865778,4.469376,Grassland,Forb,Grass,Chapuis-Lardy et al 2006b,Chapuis-Lardy et al 2006
50.81766667,4.382066332,4,48.45423333,3.250781853,4,Yes,Maintenance of water quality,Intermediate Service,negatively,,-9999,-9999,40.56666667,-3.2,Forest,Tree,Tree,Castro Diez et al 2009a,Castro Diez et al 2009
0.15,0.04472136,5,0.16,0.04472136,5,Yes,Maintenance of water quality,Intermediate Service,negatively,,5,12,50.799859,4.334278,Grassland,Tree,Grass,Vanderhoeven et al (2005)c,Vanderhoeven et al (2005)
971.8446,222.4027,18,1753.5227,248.3531,18,Yes,Maintenance of water quality,Intermediate Service,negatively,,-9999,-9999,37.69027778,-89.25388889,Grassland,Shrub,Grass,Baer et al 2006a,Baer et al 2006
0.0874,0.0164,12,0.8775,0.1531,12,Yes,Maintenance of water quality,Intermediate Service,negatively,,-9999,-9999,-33.497101,18.589897,Scrub,Tree,NA,Yelenik et al (2007)a,Yelenik et al (2007)
0.4815,0.0334,30,0.4843,0.0283,30,Yes,Maintenance of water quality,Intermediate Service,negatively,,22.33423,12.54448,39.258841,26.27655,Mixed,Forb,NA,Vila et al (2006)n,Vila et al (2006)
0.2593,0.0308,22,0.2864,0.0193,22,Yes,Maintenance of water quality,Intermediate Service,negatively,,19.59155,19.80914,39.696621,3.02948,Mixed,Forb,NA,Vila et al (2006)o,Vila et al (2006)
468,19,20,483,24,20,Yes,Maintenance of water quality,Intermediate Service,negatively,,,,-31.947447,115.781136,Forest,Grass,Tree,Fisher et al 2006a,Fisher et al 2006
0.1448,0.0141,30,0.1219,0.0078,30,Yes,Maintenance of water quality,Intermediate Service,negatively,,12.28997,11.83949,40.010787,9.173584,Mixed,Forb,NA,Vila et al (2006)q,Vila et al (2006)
0.16875,0.462281229,15,0.1715,0.357831322,15,Yes,Maintenance of water quality,Intermediate Service,negatively,,15,11.5,57.13333333,-2.633333333,Grassland,Forb,NA,Truscott et al (2008)a,Truscott et al (2008)
0.12665,0.37623073,15,0.1551,0.353072943,15,Yes,Maintenance of water quality,Intermediate Service,negatively,,15,11.5,57.13333333,-2.633333333,Grassland,Forb,NA,Truscott et al (2008)b,Truscott et al (2008)
0.5181,0.0907,13,0.4819,0.0701,13,Yes,Maintenance of water quality,Intermediate Service,negatively,,15.96071,8.857,43.013308,6.363058,Mixed,Forb,NA,Vila et al (2006)f,Vila et al (2006)
0.227,0.0759,21,0.3866,0.0525,21,Yes,Maintenance of water quality,Intermediate Service,negatively,,4.54484,5.31819,43.011677,6.223068,Mixed,Forb,NA,Vila et al (2006)g,Vila et al (2006)
0.2589,0.0384,12,0.2578,0.0231,12,Yes,Maintenance of water quality,Intermediate Service,negatively,,27.80175,25.35003,39.943436,4.11438,Mixed,Forb,NA,Vila et al (2006)p,Vila et al (2006)
0.3023,0.0789,14,0.2456,0.0351,14,Yes,Maintenance of water quality,Intermediate Service,negatively,,23.30315,10.2134,35.209722,24.829102,Mixed,Forb,NA,Vila et al (2006)h,Vila et al (2006)
0.1445,0.0176,25,0.2104,0.0203,25,Yes,Maintenance of water quality,Intermediate Service,negatively,,13.6846,7.14162,39.696621,3.02948,Mixed,Forb,NA,Vila et al (2006)i,Vila et al (2006)
0.4068,0.064,24,0.4531,0.0667,24,Yes,Maintenance of water quality,Intermediate Service,negatively,,10.97393,9.85657,43.011677,6.223068,Mixed,Forb,NA,Vila et al (2006)l,Vila et al (2006)
0.3936,0.0875,12,0.38,0.1039,12,Yes,Maintenance of water quality,Intermediate Service,negatively,,-9999,-9999,-33.497101,18.589897,Scrub,Shrub,NA,Yelenik et al (2007)b,Yelenik et al (2007)
0.272,0.001,10,0.253,0.005,10,Yes,Maintenance of water quality,Intermediate Service,negatively,,-9999,-9999,39.098744,-96.606152,Grassland,Grass,Grass,Reed et al (2005)a,Reed et al (2005)
0.1925,0.0176,24,0.2115,0.0194,24,Yes,Maintenance of water quality,Intermediate Service,negatively,,15.8515,9.96323,39.943436,4.11438,Mixed,Forb,NA,Vila et al (2006)j,Vila et al (2006)
0.0294,0.0088,30,0.037,0.0114,30,Yes,Maintenance of water quality,Intermediate Service,negatively,,16.83404,9.73009,40.010787,9.173584,Mixed,Forb,NA,Vila et al (2006)k,Vila et al (2006)
3.1513,1.0291,7,2.444,0.8707,7,Yes,Maintenance of water quality,Intermediate Service,negatively,,11,6,40.01388889,-105.2055556,Grassland,Forb,Grass,Suding et al (2004)a,Suding et al (2004)
1.495366667,0.114974007,4,1.596533333,0.128132377,4,Yes,Maintenance of water quality,Intermediate Service,negatively,,-9999,-9999,40.56666667,-3.2,Forest,Tree,Tree,Castro Diez et al 2009a,Castro Diez et al 2009
39.89796667,1.798849163,4,42.80706667,3.646827789,4,Yes,Maintenance of water quality,Intermediate Service,negatively,,-9999,-9999,40.56666667,-3.2,Forest,Tree,Tree,Casto Diez et al 2009b,Castro Diez et al 2009
0.3508,0.0615,10,0.2933,0.0205,10,Yes,Maintenance of water quality,Intermediate Service,negatively,,28.1718,18.04786,35.209722,24.829102,Mixed,Forb,NA,Vila et al (2006)m,Vila et al (2006)
1.253733333,0.114846787,4,1.4928,0.109514821,4,Yes,Maintenance of water quality,Intermediate Service,negatively,,-9999,-9999,40.56666667,-3.2,Forest,Tree,Tree,Casto Diez et al 2009b,Castro Diez et al 2009
0.1356,0.0098,6,0.1438,0.0114,6,Yes,Maintenance of water quality,Intermediate Service,negatively,,-9999,-9999,45.45833333,-110.6066667,Grassland,Forb,Grass,Hook et al (2004)a,Hook et al (2004)
0.3668,0.0098,6,0.37,0.0148,6,Yes,Maintenance of water quality,Intermediate Service,negatively,,-9999,-9999,45.595,-111.09,Grassland,Forb,Grass,Hook et al (2004)d,Hook et al (2004)
0.69,0.03,5,0.99,0.06,5,Yes,Maintenance of water quality,Intermediate Service,negatively,,-9999,-9999,19.41972222,-154.9538889,Forest,Tree,Tree,Allison et al 2006b,Allison et al 2006
13.2747,0.6495,4,16.1976,16.7659,4,Yes,Maintenance of water quality,Intermediate Service,negatively,,-9999,-9999,32.837121,-97.479286,Grassland,Grass,Grass,Rout et al (2008)a,Rout et al (2008)
108.2,27.05642253,5,122,28.84527691,5,Yes,Maintenance of water quality,Intermediate Service,negatively,,5,12,50.799859,4.334278,Grassland,Tree,Grass,Vanderhoeven et al (2005)c,Vanderhoeven et al (2005)
105.9,94.36206865,5,109.9,31.30495168,5,Yes,Maintenance of water quality,Intermediate Service,negatively,,7,14,50.799751,4.414616,Scrub,Forb,Forb,Vanderhoeven et al (2005)h,Vanderhoeven et al (2005)
7.563102739,1.359565076,6,0.272709332,1.518797942,6,Yes,Maintenance of water quality,Intermediate Service,negatively,,5,1,50.78611111,4.4175,Forest,Shrub,Shrub,Dassonville et al 2007b,Dassonville et al 2007
4.67666,0.334665216,30,6.45344,0.563331748,30,Yes,Maintenance of water quality,Intermediate Service,negatively,,13,1,50.859927,4.464912,Grassland,Forb,Forb,Herr et al (2007)a,Herr et al (2007)
62.6,32.64659247,5,93,38.68397601,5,Yes,Maintenance of water quality,Intermediate Service,negatively,,11,4,50.799751,4.414616,Forest,Shrub,Shrub,Vanderhoeven et al (2005)d,Vanderhoeven et al (2005)
7.563102739,1.359878163,6,0.272709332,1.452446017,6,Yes,Maintenance of water quality,Intermediate Service,Negatively,Maintenance of water quality,10,6,50.79194444,4.408333333,Forest,Shrub,Forb,Dassonville et al 2007a,Dassonville et al 2007
45.4,1.5,5,20.8,0.7,5,Yes,Maintenance of water quality,Intermediate Service,negatively,,11.42,11.08,48.325,-122.4583333,Grassland,Shrub,NA,Shaben et al (2009)a,Shaben et al (2009)
102,10.1,5,97.7,12.5,5,Yes,Maintenance of water quality,Intermediate Service,negatively,,-9999,-9999,39.33536,-123.800812,Grassland,Grass,Grass,Caldwell 2006a,Caldwell 2006
2.8,0.4,3,1.5,0.2,3,Yes,Maintenance of water quality,Intermediate Service,negatively,,11.9,112.53,48.57933333,-123.5216667,Grassland,Shrub,NA,Shaben et al (2009)b,Shaben et al (2009)
116.8,266.7629097,5,170.1,115.6047144,5,Yes,Maintenance of water quality,Intermediate Service,negatively,,10,6,50.799751,4.414616,Scrub,Shrub,Forb,Vanderhoeven et al (2005)f,Vanderhoeven et al (2005)
187.1,209.5195695,5,322.5,125.6670203,5,Yes,Maintenance of water quality,Intermediate Service,negatively,,12,4,50.870477,4.314837,Grassland,Forb,Forb,Vanderhoeven et al (2005)g,Vanderhoeven et al (2005)
169.7,55.00727225,5,257.7,268.9989777,5,Yes,Maintenance of water quality,Intermediate Service,negatively,,9,1,50.895427,4.416804,Grassland,Shrub,Grass,Vanderhoeven et al (2005)e,Vanderhoeven et al (2005)
2.7105,0.5569,6,5.9411,0.0259,6,Yes,Maintenance of water quality,Intermediate Service,negatively,,-9999,-9999,48.140432,-112.918854,Grassland,Forb,NA,Thorpe et al (2006)c,Thorpe et al (2006)
33.92985,0.787423882,6,38.238,0.817667905,6,Yes,Water infiltration,Intermediate Service,Positively,Water provision,1,1,31.15,122,Wetland,Grass,Grass,Cheng et al (2009)a,Cheng et al (2010)
9.16,0.725,3,4.32,0.6915,5,Yes,Water infiltration,Intermediate Service,Positively,Water provision,-9999,-9999,40.65,-8.733333333,Coastal dune,Tree,NA,Marchante et al (2008)a,Marchante et al (2008)
16.8,4.384062043,8,19.7,6.470027048,8,Yes,Maintenance of water quality,Intermediate Service,Negatively,Maintenance of water quality,7,1,10.12,-69.7,Scrub,Forb,,Chacon et al (2009)b,Chacon et al (2009)
16.8,4.384062043,8,19.7,6.470027048,8,Yes,Maintenance of water quality,Intermediate Service,Negatively,Maintenance of water quality,7,1,10.12,-69.7,Scrub,Forb,,Chacon et al (2009)b,Chacon et al (2009)
0.84,0.03,5,0.98,0.02,5,Yes,Maintenance of water quality,Intermediate Service,Positively,Maintenance of water quality,-9999,-9999,19.44805556,-154.8611111,Forest,Tree,Tree,Allison et al 2006a,Allison et al 2006
68.2,54.78366545,5,97.9,51.20595668,5,Yes,Maintenance of water quality,Intermediate Service,Negatively,Maintenance of water quality,40,11,50.862771,4.470963,Grassland,Forb,Grass,Vanderhoeven et al (2005)a,Vanderhoeven et al (2005)
1.12005,0.49805,6,1.3716,0.2794,6,Yes,Maintenance of water quality,Intermediate Service,Negatively,Maintenance of water quality,-9999,-9999,47.204642,-113.148193,Grassland,Forb,NA,Thorpe et al (2006)a,Thorpe et al (2006)
10.4765,2.3657,6,22.9729,4.4558,6,Yes,Maintenance of water quality,Intermediate Service,Negatively,Maintenance of water quality,-9999,-9999,47.328585,-114.218159,Grassland,Forb,NA,Thorpe et al (2006)b,Thorpe et al (2006)
7.563102739,1.158777356,6,0.272709332,1.208648452,6,Yes,Maintenance of water quality,Intermediate Service,negatively,,24,1,50.45833333,3.840277778,Grassland,Shrub,Grass,Dassonville et al 2007f,Dassonville et al 2007
5.2,0.32,24,12.64,1.13,24,Yes,Maintenance of water quality,Intermediate Service,negatively,,5.56,4.08,50.75579,-120.465775,Grassland,Forb,Grass,Fraser et al (2011)a,Fraser et al (2011)
6.4,0.3,3,7,0.4,3,Yes,Maintenance of water quality,Intermediate Service,negatively,,-9999,-9999,38.24878,-109.873495,Grassland,Grass,Grass,Belnap et al (2005)a,Belnap et al (2005)
9.32,0.73,24,6.4,0.54,24,Yes,Water infiltration,Intermediate Service,Positively,Water provision,5.56,4.08,50.75579,-120.465775,Grassland,Forb,Grass,Fraser et al (2011)a,Fraser et al (2011)
