Dominant native,Invasive
Metrosideros polymorpha,Myrica faya
Metrosideros polymorpha,Myrica faya
Metrosideros polymorpha,Myrica faya
Metrosideros polymorpha,Myrica faya
Metrosideros polymorpha,Myrica faya
Metrosideros polymorpha,Myrica faya
Heteropogon contortus,Eragrostis lehmanniana
Heteropogon contortus,Eragrostis lehmanniana
Heteropogon contortus,Eragrostis lehmanniana
Hesperostipa comata,Agropyron cristatum
Hesperostipa comata,Agropyron cristatum
Hesperostipa comata,Agropyron cristatum
Hesperostipa comata,Agropyron cristatum
Hesperostipa comata,Agropyron cristatum
Metrosideros polymorpha,Schizachyrium condensatum
Metrosideros polymorpha,Schizachyrium condensatum
Metrosideros polymorpha,Schizachyrium condensatum
Metrosideros polymorpha,Schizachyrium condensatum
Metrosideros polymorpha,Schizachyrium condensatum
Metrosideros polymorpha,Schizachyrium condensatum
Metrosideros polymorpha,Schizachyrium condensatum
Metrosideros polymorpha,Schizachyrium condensatum
NA,Solidago gigantea
NA,Solidago gigantea
NA,Solidago gigantea
NA,Solidago gigantea
NA,Solidago gigantea
NA,Solidago gigantea
Artemisia californica,Bromus madritensis
Artemisia californica,Bromus madritensis
Artemisia californica,Bromus madritensis
Artemisia californica,Bromus madritensis
Artemisia californica,Bromus madritensis
Acacia longifolia,Chrysanthemoides monilifera
Acacia longifolia,Chrysanthemoides monilifera
Taxodium distichum,Melaleuca quinquenervia
Taxodium distichum,Melaleuca quinquenervia
Taxodium distichum,Melaleuca quinquenervia
Taxodium distichum,Melaleuca quinquenervia
Taxodium distichum,Melaleuca quinquenervia
Taxodium distichum,Melaleuca quinquenervia
Taxodium distichum,Melaleuca quinquenervia
Taxodium distichum,Melaleuca quinquenervia
Taxodium distichum,Melaleuca quinquenervia
Taxodium distichum,Melaleuca quinquenervia
Taxodium distichum,Melaleuca quinquenervia
Setaria plicata,Ageratina adenophora
Setaria plicata,Ageratina adenophora
Setaria plicata,Ageratina adenophora
Setaria plicata,Ageratina adenophora
Setaria plicata,Ageratina adenophora
Setaria plicata,Ageratina adenophora
Setaria plicata,Ageratina adenophora
Setaria plicata,Ageratina adenophora
Setaria plicata,Ageratina adenophora
Setaria plicata,Ageratina adenophora
Poa pratensis,Bromus spp
Poa pratensis,Bromus spp
Poa pratensis,Bromus spp
Poa pratensis,Bromus spp
Poa pratensis,Bromus spp
Poa pratensis,Bromus spp
Poa pratensis,Bromus spp
Poa pratensis,Bromus spp
Poa pratensis,Bromus spp
Poa pratensis,Bromus spp
Poa pratensis,Bromus spp
Poa pratensis,Bromus spp
Poa pratensis,Bromus spp
Poa pratensis,Bromus spp
Poa pratensis,Bromus spp
Poa pratensis,Bromus spp
Poa pratensis,Bromus spp
Poa pratensis,Bromus spp
Poa pratensis,Bromus spp
Poa pratensis,Bromus spp
Poa pratensis,Bromus spp
Poa pratensis,Bromus spp
Poa pratensis,Bromus spp
Poa pratensis,Bromus spp
Avena fatua,Cynara cardunculus
Avena fatua,Cynara cardunculus
Avena fatua,Cynara cardunculus
Avena fatua,Cynara cardunculus
Andropogon gerardii,Andropogon bladhii
Andropogon gerardii,Andropogon bladhii
Andropogon gerardii,Andropogon bladhii
Andropogon gerardii,Andropogon bladhii
Andropogon gerardii,Andropogon bladhii
Andropogon gerardii,Andropogon bladhii
Andropogon gerardii,Andropogon bladhii
Spartina patens,Phragmites australis
Spartina patens,Phragmites australis
Spartina patens,Phragmites australis
NA,Robinia pseudoacacia
NA,Robinia pseudoacacia
NA,Robinia pseudoacacia
NA,Robinia pseudoacacia
NA,Robinia pseudoacacia
NA,Robinia pseudoacacia
NA,Alianthis altissima
NA,Alianthis altissima
NA,Alianthis altissima
NA,Alianthis altissima
NA,Alianthis altissima
NA,Alianthis altissima
NA,Alianthis altissima
NA,Alianthis altissima
NA,Alianthis altissima
NA,Alianthis altissima
NA,Alianthis altissima
NA,Alianthis altissima
NA,Alianthis altissima
NA,Alianthis altissima
NA,Alianthis altissima
NA,Carpobrotus spp
NA,Carpobrotus spp
NA,Carpobrotus spp
NA,Carpobrotus spp
NA,Carpobrotus spp
NA,Carpobrotus spp
NA,Carpobrotus spp
NA,Carpobrotus spp
NA,Carpobrotus spp
NA,Carpobrotus spp
NA,Carpobrotus spp
NA,Carpobrotus spp
NA,Carpobrotus spp
NA,Carpobrotus spp
NA,Carpobrotus spp
NA,Carpobrotus spp
NA,Carpobrotus spp
NA,Carpobrotus spp
NA,Oxalis pes-caprae
NA,Oxalis pes-caprae
NA,Oxalis pes-caprae
NA,Oxalis pes-caprae
NA,Oxalis pes-caprae
NA,Oxalis pes-caprae
NA,Oxalis pes-caprae
NA,Oxalis pes-caprae
NA,Oxalis pes-caprae
NA,Oxalis pes-caprae
NA,Oxalis pes-caprae
NA,Oxalis pes-caprae
NA,Oxalis pes-caprae
NA,Oxalis pes-caprae
NA,Oxalis pes-caprae
NA,Oxalis pes-caprae
NA,Oxalis pes-caprae
NA,Oxalis pes-caprae
Agrostis stolonifera,Solidago gigantea
Agrostis stolonifera,Solidago gigantea
Agrostis stolonifera,Solidago gigantea
Agrostis stolonifera,Solidago gigantea
Agrostis stolonifera,Solidago gigantea
Arrhenatherum elatius,Prunus serotina
Arrhenatherum elatius,Prunus serotina
Arrhenatherum elatius,Prunus serotina
Arrhenatherum elatius,Prunus serotina
Rubus sp,Fallopia japonica
Rubus sp,Fallopia japonica
Rubus sp,Fallopia japonica
Rubus sp,Fallopia japonica
Arrhenatherum elatius,Fallopia japonica
Arrhenatherum elatius,Fallopia japonica
Arrhenatherum elatius,Fallopia japonica
Arrhenatherum elatius,Fallopia japonica
Raphanus sativus,Impatiens glandulifera
NA,Acacia longifolia
NA,Acacia longifolia
Grass sp,Melilotus spp
Grass sp,Melilotus spp
Grass sp,Melilotus spp
Grass sp,Melilotus spp
Grass sp,Melilotus spp
NA,Solidago canadensis
NA,Solidago canadensis
NA,Solidago canadensis
Populus deltoides,Tamarix chinensis
Styphelia tameiameiae,Melinis minutiflora
Styphelia tameiameiae,Melinis minutiflora
Styphelia tameiameiae,Melinis minutiflora
Styphelia tameiameiae,Melinis minutiflora
Styphelia tameiameiae,Melinis minutiflora
Styphelia tameiameiae,Melinis minutiflora
Phragmites australis,Spartina alterniflora
Pleuraphis jamesii,Bromus tectorum
Pleuraphis jamesii,Bromus tectorum
Pleuraphis jamesii,Bromus tectorum
Stipa spp,Bromus tectorum
Stipa spp,Bromus tectorum
Stipa spp,Bromus tectorum
Vaccinium spp,Berberis thunbergii
Vaccinium spp,Berberis thunbergii
Vaccinium spp,Berberis thunbergii
Vaccinium spp,Berberis thunbergii
Vaccinium spp,Berberis thunbergii
Vaccinium spp,Berberis thunbergii
Vaccinium spp,Berberis thunbergii
Vaccinium spp,Berberis thunbergii
Vaccinium spp,Berberis thunbergii
Vaccinium spp,Berberis thunbergii
Vaccinium spp,Berberis thunbergii
Vaccinium spp,Berberis thunbergii
Vaccinium spp,Berberis thunbergii
Vaccinium spp,Berberis thunbergii
Vaccinium spp,Berberis thunbergii
Vaccinium spp,Berberis thunbergii
Vaccinium spp,Berberis thunbergii
Vaccinium spp,Berberis thunbergii
Vaccinium spp,Berberis thunbergii
Vaccinium spp,Berberis thunbergii
Vaccinium spp,Berberis thunbergii
Vaccinium spp,Berberis thunbergii
Vaccinium spp,Berberis thunbergii
Vaccinium spp,Berberis thunbergii
NA,Tamarix spp
NA,Acacia saligna
NA,Acacia saligna
Petasites hybridus,Fallopia japonica
Petasites hybridus,Fallopia japonica
Petasites hybridus,Fallopia japonica
Urtica dioica,Heracleum mantegazzianum
Urtica dioica,Heracleum mantegazzianum
Urtica dioica,Heracleum mantegazzianum
Urtica dioica,Heracleum mantegazzianum
Urtica dioica,Heracleum mantegazzianum
Urtica dioica,Heracleum mantegazzianum
Urtica dioica,Heracleum mantegazzianum
Urtica dioica,Heracleum mantegazzianum
NA,Mimulus guttatus
NA,Mimulus guttatus
NA,Mimulus guttatus
NA,Mimulus guttatus
NA,Mimulus guttatus
NA,Mimulus guttatus
NA,Mimulus guttatus
NA,Mimulus guttatus
NA,Centaurea maculosa
NA,Centaurea maculosa
NA,Centaurea maculosa
NA,Centaurea maculosa
NA,Centaurea maculosa
NA,Centaurea maculosa
NA,Acacia saligna
NA,Acacia saligna
NA,Acacia saligna
NA,Acacia saligna
NA,Acacia saligna
NA,Lupinus luteus
NA,Lupinus luteus
NA,Lupinus luteus
NA,Lupinus luteus
NA,Lupinus luteus
Pascopyrum smithii,Centaurea diffusa
Pascopyrum smithii,Centaurea diffusa
Pascopyrum smithii,Centaurea diffusa
Pascopyrum smithii,Centaurea diffusa
Pascopyrum smithii,Centaurea diffusa
NA,Acacia saligna
NA,Acacia saligna
NA,Acacia saligna
NA,Acacia saligna
NA,Acacia saligna
NA,Acacia saligna
NA,Acacia saligna
NA,Acacia cyclops
NA,Acacia cyclops
NA,Acacia cyclops
NA,Acacia cyclops
NA,Acacia cyclops
NA,Acacia cyclops
NA,Acacia cyclops
Oryzopsis hymenoides,Bromus tectorum
Oryzopsis hymenoides,Bromus tectorum
Oryzopsis hymenoides,Bromus tectorum
Oryzopsis hymenoides,Bromus tectorum
Oryzopsis hymenoides,Bromus tectorum
Oryzopsis hymenoides,Bromus tectorum
Oryzopsis hymenoides,Bromus tectorum
Pleuraphis jamesii,Bromus tectorum
Pleuraphis jamesii,Bromus tectorum
Pleuraphis jamesii,Bromus tectorum
Pleuraphis jamesii,Bromus tectorum
Pleuraphis jamesii,Bromus tectorum
Pleuraphis jamesii,Bromus tectorum
Pleuraphis jamesii,Bromus tectorum
Macropiper excelsum,Tradescantia fluminensis
Alectryon excelsus,Tradescantia fluminensis
Maianthmum canadense,Allaria petiolata
Maianthmum canadense,Allaria petiolata
Maianthmum canadense,Allaria petiolata
Maianthmum canadense,Allaria petiolata
Stylophorum diphyllum,Allaria petiolata
Stylophorum diphyllum,Allaria petiolata
Stylophorum diphyllum,Allaria petiolata
Stylophorum diphyllum,Allaria petiolata
Maianthmum canadense,Allaria petiolata
Maianthmum canadense,Allaria petiolata
Maianthmum canadense,Allaria petiolata
Maianthmum canadense,Allaria petiolata
Trientalis borealis,Allaria petiolata
Trientalis borealis,Allaria petiolata
Trientalis borealis,Allaria petiolata
Trientalis borealis,Allaria petiolata
Galium palustre,Allaria petiolata
Galium palustre,Allaria petiolata
Galium palustre,Allaria petiolata
Galium palustre,Allaria petiolata
Poa cita,Pilosella officinarum
Poa cita,Pilosella officinarum
Poa cita,Pilosella officinarum
Poa cita,Pilosella officinarum
Poa cita,Pilosella officinarum
Poa cita,Pilosella officinarum
Poa cita,Pilosella officinarum
NA,Fallopia japonica
Acer saccharinum,Fallopia japonica
Acer saccharum,Fallopia japonica
Carex lurida,Phalaris arundinacea
Carex lurida,Phalaris arundinacea
Propsopis juliflora,Kalanchoe daigremontiana
Propsopis juliflora,Kalanchoe daigremontiana
Propsopis juliflora,Kalanchoe daigremontiana
Propsopis juliflora,Kalanchoe daigremontiana
Propsopis juliflora,Kalanchoe daigremontiana
Opuntia caracassana,Stapelia gigantea
Opuntia caracassana,Stapelia gigantea
Opuntia caracassana,Stapelia gigantea
Opuntia caracassana,Stapelia gigantea
Opuntia caracassana,Stapelia gigantea
Opuntia caracassana,Stapelia gigantea
Opuntia caracassana,Stapelia gigantea
Scirpus mariqueter,Spartina alterniflora
Scirpus mariqueter,Spartina alterniflora
Phragmites australis,Spartina alterniflora
Phragmites australis,Spartina alterniflora
Phragmites australis,Spartina alterniflora
Phragmites australis,Spartina alterniflora
Phragmites australis,Spartina alterniflora
Phragmites australis,Spartina alterniflora
Phragmites australis,Spartina alterniflora
Bouteloua gracialis,Agropyron cristatum
Bouteloua gracialis,Agropyron cristatum
Bouteloua gracialis,Agropyron cristatum
Bouteloua gracialis,Agropyron cristatum
Bouteloua gracialis,Agropyron cristatum
Bouteloua gracialis,Agropyron cristatum
Bouteloua gracialis,Agropyron cristatum
Bouteloua gracialis,Agropyron cristatum
Bromus tectorum,Centairea solsititialis
Myrica cerifera,Schinus terebinthifolius
Myrica cerifera,Schinus terebinthifolius
Paspulum conjugatum,Lantana camara
Paspulum conjugatum,Lantana camara
Paspulum conjugatum,Lantana camara
Paspulum conjugatum,Lantana camara
Forb spp,Aegilops triuncialis
Forb spp,Aegilops triuncialis
Forb spp,Aegilops triuncialis
Forb spp,Aegilops triuncialis
Forb spp,Aegilops triuncialis
Forb spp,Aegilops triuncialis
Forb spp,Aegilops triuncialis
Festuca arundinacea,Cortaderia selloana
Festuca arundinacea,Cortaderia selloana
Festuca arundinacea,Cortaderia selloana
Festuca arundinacea,Cortaderia selloana
Festuca arundinacea,Cortaderia selloana
Festuca arundinacea,Cortaderia selloana
Festuca arundinacea,Cortaderia selloana
Festuca arundinacea,Cortaderia selloana
NA,Mikania micrantha
NA,Mikania micrantha
NA,Mikania micrantha
NA,Mikania micrantha
NA,Mikania micrantha
NA,Mikania micrantha
NA,Mikania micrantha
NA,Mikania micrantha
NA,Mikania micrantha
NA,Mikania micrantha
NA,Mikania micrantha
Dactylis glomerata,Solidago gigantea
Dactylis glomerata,Solidago gigantea
Dactylis glomerata,Solidago gigantea
Dactylis glomerata,Solidago gigantea
Dactylis glomerata,Solidago gigantea
Agrostis stolonifera,Solidago gigantea
Agrostis stolonifera,Solidago gigantea
Agrostis stolonifera,Solidago gigantea
Agrostis stolonifera,Solidago gigantea
Agrostis stolonifera,Solidago gigantea
Calamagrostis epigejos,Solidago gigantea
Calamagrostis epigejos,Solidago gigantea
Calamagrostis epigejos,Solidago gigantea
Calamagrostis epigejos,Solidago gigantea
Calamagrostis epigejos,Solidago gigantea
Petasites hybridus,Fallopia japonica
Petasites hybridus,Fallopia japonica
Petasites hybridus,Fallopia japonica
Rubus sp,Fallopia japonica
Rubus sp,Fallopia japonica
Rubus sp,Fallopia japonica
Rubus sp,Fallopia japonica
Rubus sp,Fallopia japonica
Urtica dioica,Fallopia japonica
Urtica dioica,Fallopia japonica
Urtica dioica,Fallopia japonica
Urtica dioica,Fallopia japonica
Urtica dioica,Fallopia japonica
Urtica dioica,Fallopia japonica
Urtica dioica,Fallopia japonica
Urtica dioica,Fallopia japonica
Urtica dioica,Fallopia japonica
Urtica dioica,Fallopia japonica
Rubus sp,Fallopia japonica
Rubus sp,Fallopia japonica
Rubus sp,Fallopia japonica
Rubus sp,Fallopia japonica
Calamagrostis epigejos,Fallopia japonica
Calamagrostis epigejos,Fallopia japonica
Calamagrostis epigejos,Fallopia japonica
Calamagrostis epigejos,Fallopia japonica
Calamagrostis epigejos,Fallopia japonica
Krascheninnikovia lanata,Bromus tectorum
Pleuraphis jamesii,Bromus tectorum
Pleuraphis jamesii,Bromus tectorum
Pleuraphis jamesii,Bromus tectorum
Pleuraphis jamesii,Bromus tectorum
Pleuraphis jamesii,Bromus tectorum
Pleuraphis jamesii,Bromus tectorum
Pleuraphis jamesii,Bromus tectorum
Pleuraphis jamesii,Bromus tectorum
Pleuraphis jamesii,Bromus tectorum
Populus spp,Tamarix spp
Populus spp,Tamarix spp
Typha latifolia,Lythrum salicaria
Typha latifolia,Lythrum salicaria
Typha latifolia,Lythrum salicaria
Typha latifolia,Lythrum salicaria
Typha latifolia,Lythrum salicaria
Banksia spp,Ehrharta calycina
Banksia spp,Ehrharta calycina
Banksia spp,Ehrharta calycina
Banksia spp,Ehrharta calycina
Banksia spp,Ehrharta calycina
Metrosideros polymorpha,Falcataria moluccana
Metrosideros polymorpha,Falcataria moluccana
Metrosideros polymorpha,Falcataria moluccana
Metrosideros polymorpha,Falcataria moluccana
Metrosideros polymorpha,Falcataria moluccana
Metrosideros polymorpha,Falcataria moluccana
Metrosideros polymorpha,Falcataria moluccana
Metrosideros polymorpha,Falcataria moluccana
Metrosideros polymorpha,Falcataria moluccana
Metrosideros polymorpha,Falcataria moluccana
Eleocharis smallii,Typha x glauca
Eleocharis smallii,Typha x glauca
Eleocharis smallii,Typha x glauca
Eleocharis smallii,Typha x glauca
Eleocharis smallii,Typha x glauca
Eleocharis smallii,Typha x glauca
Festuca ovina,Elaeagnus umbellata
Festuca ovina,Elaeagnus umbellata
Festuca ovina,Elaeagnus umbellata
Festuca ovina,Elaeagnus umbellata
Festuca ovina,Elaeagnus umbellata
Festuca ovina,Elaeagnus umbellata
Festuca ovina,Elaeagnus umbellata
Festuca ovina,Elaeagnus umbellata
Festuca ovina,Elaeagnus umbellata
Festuca ovina,Elaeagnus umbellata
Festuca ovina,Elaeagnus umbellata
Pluchea sericea,Tamarix ramosissima
Pluchea sericea,Tamarix ramosissima
Pluchea sericea,Tamarix ramosissima
Pluchea sericea,Tamarix ramosissima
Pluchea sericea,Tamarix ramosissima
Pluchea sericea,Tamarix ramosissima
Pluchea sericea,Tamarix ramosissima
Pluchea sericea,Tamarix ramosissima
Pluchea sericea,Tamarix ramosissima
Pluchea sericea,Tamarix ramosissima
Artemisia tridentata,Bromus tectorum
Artemisia tridentata,Bromus tectorum
Artemisia tridentata,Bromus tectorum
Artemisia tridentata,Bromus tectorum
Grass sp,Bromus tectorum
Grass sp,Bromus tectorum
Grass sp,Bromus tectorum
Grass sp,Bromus tectorum
Grass sp,Bromus tectorum
Grass sp,Bromus tectorum
Grass sp,Bromus tectorum
Grass sp,Bromus tectorum
Ulmus minor,Alianthis altissima
Ulmus minor,Alianthis altissima
Ulmus minor,Alianthis altissima
Ulmus minor,Alianthis altissima
Ulmus minor,Alianthis altissima
Ulmus minor,Alianthis altissima
Ulmus minor,Alianthis altissima
Ulmus minor,Alianthis altissima
Ulmus minor,Alianthis altissima
Ulmus minor,Alianthis altissima
Ulmus minor,Alianthis altissima
Ulmus minor,Alianthis altissima
Ulmus minor,Alianthis altissima
Ulmus minor,Alianthis altissima
Ulmus minor,Alianthis altissima
Ulmus minor,Alianthis altissima
Ulmus minor,Alianthis altissima
Ulmus minor,Alianthis altissima
Ulmus minor,Alianthis altissima
Ulmus minor,Alianthis altissima
Fraxinus angustifolia,Robinia pseudoacacia
Fraxinus angustifolia,Robinia pseudoacacia
Fraxinus angustifolia,Robinia pseudoacacia
Fraxinus angustifolia,Robinia pseudoacacia
Fraxinus angustifolia,Robinia pseudoacacia
Fraxinus angustifolia,Robinia pseudoacacia
Fraxinus angustifolia,Robinia pseudoacacia
Fraxinus angustifolia,Robinia pseudoacacia
Fraxinus angustifolia,Robinia pseudoacacia
Fraxinus angustifolia,Robinia pseudoacacia
Fraxinus angustifolia,Robinia pseudoacacia
Fraxinus angustifolia,Robinia pseudoacacia
Fraxinus angustifolia,Robinia pseudoacacia
Fraxinus angustifolia,Robinia pseudoacacia
Fraxinus angustifolia,Robinia pseudoacacia
Fraxinus angustifolia,Robinia pseudoacacia
Fraxinus angustifolia,Robinia pseudoacacia
Fraxinus angustifolia,Robinia pseudoacacia
Fraxinus angustifolia,Robinia pseudoacacia
Fraxinus angustifolia,Robinia pseudoacacia
Themeda trianda,Pennisetum polystachion
Themeda trianda,Pennisetum polystachion
Themeda trianda,Pennisetum polystachion
Themeda trianda,Pennisetum polystachion
Banksia spp,Pelargonium capitatum
Banksia spp,Pelargonium capitatum
Metrosideros polymorpha,Hedychium gardnerianum
Metrosideros polymorpha,Hedychium gardnerianum
Metrosideros polymorpha,Hedychium gardnerianum
Metrosideros polymorpha,Hedychium gardnerianum
Metrosideros polymorpha,Hedychium gardnerianum
Metrosideros polymorpha,Hedychium gardnerianum
Metrosideros polymorpha,Hedychium gardnerianum
Festuca idahoensis,Cytisus scoparius
Festuca idahoensis,Cytisus scoparius
Festuca idahoensis,Cytisus scoparius
Festuca idahoensis,Cytisus scoparius
Festuca idahoensis,Cytisus scoparius
Festuca idahoensis,Cytisus scoparius
Festuca idahoensis,Cytisus scoparius
Festuca idahoensis,Cytisus scoparius
Grass sp,Centaurea maculosa
Grass sp,Centaurea maculosa
Grass sp,Centaurea maculosa
Grass sp,Centaurea maculosa
Grass sp,Centaurea maculosa
Grass sp,Centaurea maculosa
Grass sp,Centaurea maculosa
Grass sp,Centaurea maculosa
Grass sp,Centaurea maculosa
Grass sp,Centaurea maculosa
Grass sp,Centaurea maculosa
Grass sp,Centaurea maculosa
Grass sp,Centaurea maculosa
Grass sp,Centaurea maculosa
Grass sp,Centaurea maculosa
Grass sp,Centaurea maculosa
Grass sp,Centaurea maculosa
Grass sp,Centaurea maculosa
Grass sp,Centaurea maculosa
Grass sp,Centaurea maculosa
Grass sp,Centaurea maculosa
Grass sp,Centaurea maculosa
Grass sp,Centaurea maculosa
Grass sp,Centaurea maculosa
Grass sp,Centaurea maculosa
Grass sp,Centaurea maculosa
Grass sp,Centaurea maculosa
Metrosideros polymorpha,Falcataria moluccana
Metrosideros polymorpha,Falcataria moluccana
Metrosideros polymorpha,Falcataria moluccana
Populus deltoides,Tamarix chinensis
Populus deltoides,Tamarix chinensis
Artemisia tridentata,Agropyron cristatum
Artemisia tridentata,Agropyron cristatum
Populus deltoides,Tamarix spp
Populus deltoides,Tamarix spp
NA,Tamarix spp
Epilobium hirsutum,Solidago gigantea
Epilobium hirsutum,Solidago gigantea
Epilobium hirsutum,Solidago gigantea
Epilobium hirsutum,Solidago gigantea
Heracleum sphondylium,Solidago gigantea
Calamagrostis epigejos,Solidago gigantea
Agrostis spp,Prunus serotina
Agrostis spp,Prunus serotina
Agrostis spp,Prunus serotina
Agrostis spp,Prunus serotina
Fagus sylvatica,Prunus serotina
Fagus sylvatica,Prunus serotina
Urtica dioica,Heracleum mantegazzianum
Glechoma hederacea,Heracleum mantegazzianum
Glechoma hederacea,Heracleum mantegazzianum
Glechoma hederacea,Heracleum mantegazzianum
Glechoma hederacea,Heracleum mantegazzianum
Petasites hybridus,Fallopia japonica
Eupatorium cannabinum,Fallopia japonica
Eupatorium cannabinum,Fallopia japonica
Eupatorium cannabinum,Fallopia japonica
Eupatorium cannabinum,Fallopia japonica
Metrosideros polymorpha,Myrica cerifera
Metrosideros polymorpha,Myrica cerifera
Metrosideros polymorpha,Myrica cerifera
Metrosideros polymorpha,Myrica cerifera
Metrosideros polymorpha,Myrica cerifera
Metrosideros polymorpha,Myrica cerifera
Metrosideros polymorpha,Myrica cerifera
Metrosideros polymorpha,Myrica cerifera
Atriplex confertifolia,Bromus tectorum
Atriplex confertifolia,Bromus tectorum
Festuca campestris,Centaurea stoebe
Festuca campestris,Centaurea stoebe
Festuca campestris,Centaurea stoebe
Festuca campestris,Centaurea stoebe
Festuca campestris,Centaurea stoebe
Festuca campestris,Centaurea stoebe
Festuca campestris,Centaurea stoebe
Festuca campestris,Centaurea stoebe
Quercus sp.,Elaeagnus umbellata
Quercus sp.,Elaeagnus umbellata
Quercus sp.,Elaeagnus umbellata
Quercus sp.,Elaeagnus umbellata
Quercus sp.,Elaeagnus umbellata
Quercus sp.,Elaeagnus umbellata
Distichlis spicata,Spartina anglica
Metrosideros polymorpha,Myrica faya
Metrosideros polymorpha,Myrica faya
Metrosideros polymorpha,Myrica faya
Metrosideros polymorpha,Myrica faya
Metrosideros polymorpha,Myrica faya
Metrosideros polymorpha,Myrica faya
Grass sp,Eragrostis lehmanniana
Quercus alba,Rhamnus cathartica
Quercus alba,Rhamnus cathartica
Quercus alba,Rhamnus cathartica
Quercus alba,Rhamnus cathartica
Quercus alba,Rhamnus cathartica
Quercus alba,Rhamnus cathartica
Quercus alba,Rhamnus cathartica
Quercus alba,Rhamnus cathartica
Quercus alba,Rhamnus cathartica
Quercus alba,Rhamnus cathartica
Quercus alba,Rhamnus cathartica
Quercus alba,Rhamnus cathartica
Quercus alba,Rhamnus cathartica
Quercus alba,Rhamnus cathartica
Quercus alba,Rhamnus cathartica
Quercus alba,Rhamnus cathartica
Quercus alba,Rhamnus cathartica
Quercus alba,Rhamnus cathartica
Quercus alba,Rhamnus cathartica
Quercus alba,Rhamnus cathartica
Quercus alba,Rhamnus cathartica
Quercus alba,Rhamnus cathartica
Quercus alba,Rhamnus cathartica
Quercus alba,Rhamnus cathartica
Quercus alba,Rhamnus cathartica
Quercus alba,Rhamnus cathartica
Quercus alba,Rhamnus cathartica
Quercus alba,Rhamnus cathartica
Quercus alba,Rhamnus cathartica
Quercus alba,Rhamnus cathartica
Quercus alba,Rhamnus cathartica
Quercus alba,Rhamnus cathartica
Quercus alba,Rhamnus cathartica
Quercus alba,Rhamnus cathartica
Quercus alba,Rhamnus cathartica
Quercus alba,Rhamnus cathartica
Quercus alba,Rhamnus cathartica
Quercus alba,Rhamnus cathartica
Quercus alba,Rhamnus cathartica
Quercus alba,Rhamnus cathartica
Quercus alba,Rhamnus cathartica
Quercus alba,Rhamnus cathartica
Achillea millefolium,Solidago gigantea
Achillea millefolium,Solidago gigantea
Achillea millefolium,Solidago gigantea
Heteropogon contortus,Eragrostis lehmanniana
Diospyros sandwicensis,Pennisetum setaceum
Phragmites australis,Spartina alterniflora
NA,Robinia pseudoacacia
NA,Robinia pseudoacacia
NA,Robinia pseudoacacia
NA,Robinia pseudoacacia
NA,Robinia pseudoacacia
Anthemis arvensis,Oxalis pes-caprae
Pleuraphis jamesii,Bromus tectorum
Pleuraphis jamesii,Bromus tectorum
Pleuraphis jamesii,Bromus tectorum
Pleuraphis jamesii,Bromus tectorum
Pleuraphis jamesii,Bromus tectorum
Pleuraphis jamesii,Bromus tectorum
Sagittaria latifolia,Phragmites australis
Sagittaria latifolia,Phragmites australis
Sagittaria latifolia,Phragmites australis
Sagittaria latifolia,Phragmites australis
Sagittaria latifolia,Phragmites australis
Schizachyrium scoparium,Sorghum halepense
Schizachyrium scoparium,Sorghum halepense
Schizachyrium scoparium,Sorghum halepense
Schizachyrium scoparium,Sorghum halepense
Schizachyrium scoparium,Sorghum halepense
Molinia caerulea,Solidago gigantea
Molinia caerulea,Solidago gigantea
Carex elata,Solidago gigantea
Carex acutiformis,Solidago gigantea
NA,Cytisus scoparius
NA,Cytisus scoparius
NA,Cytisus scoparius
NA,Cytisus scoparius
NA,Cytisus scoparius
NA,Cytisus scoparius
Prosopis cineraria,Prosopis juliflora
Acer rubrum,Microstegium vimineum
NA,Centaurea stoebe
NA,Centaurea stoebe
NA,Centaurea stoebe
NA,Centaurea stoebe
NA,Centaurea stoebe
NA,Centaurea stoebe
Phragmites australis,Spartina alterniflora
Phragmites australis,Spartina alterniflora
Andropogon gerardii,Bromus inermis
Andropogon gerardii,Bromus inermis
Nassella viridula,Bromus inermis
Nassella viridula,Bromus inermis
Alloteropsis semialata,Andropogon gayanus
Alloteropsis semialata,Andropogon gayanus
Alloteropsis semialata,Andropogon gayanus
Alloteropsis semialata,Andropogon gayanus
Alloteropsis semialata,Andropogon gayanus
Alloteropsis semialata,Andropogon gayanus
Encelia farinosa,Pennisetum ciliare
Cupania porphyria,Ligustrum lucidum
Krascheninnikovia lanata,Bromus tectorum
Krascheninnikovia lanata,Bromus tectorum
Krascheninnikovia lanata,Bromus tectorum
Quercus robur,Quercus rubra
Quercus robur,Quercus rubra
Tree sp.,Teline monspessulana
Tree sp.,Acacia dealbata
Salix caprea,Robinia pseudoacacia
Salix caprea,Robinia pseudoacacia
Kandelia obovata,Spartina alterniflor
Cyperus malaccensis,Spartina alterniflor
Kandelia obovata,Spartina alterniflor
Cyperus malaccensis,Spartina alterniflor
Kandelia obovata,Spartina alterniflor
Cyperus malaccensis,Spartina alterniflor
Kandelia obovata,Spartina alterniflor
Cyperus malaccensis,Spartina alterniflor
Trifolium repens,Ailanthus altissima
Pascopyrum smithii,Bromus inermis
Pascopyrum smithii,Bromus inermis
Pascopyrum smithii,Bromus inermis
Euclea racemosa,Pennisetum clandestinum
Ficinia sp.,Acacia saligna
Euclea racemosa,Pennisetum clandestinum
Ficinia sp.,Acacia saligna
Euclea racemosa,Pennisetum clandestinum
Ficinia sp.,Acacia saligna
Typha x glauca,Carex stricta
Typha x glauca,Carex stricta
Typha x glauca,Carex stricta
Typha x glauca,Carex stricta
Typha x glauca,Carex stricta
Typha x glauca,Carex stricta
Typha x glauca,Carex stricta
Typha x glauca,Carex stricta
Typha x glauca,Carex stricta
Typha x glauca,Carex stricta
Typha x glauca,Carex stricta
Typha x glauca,Carex stricta
Corema album,Acacia longifola
Corema album,Acacia longifola
Corema album,Acacia longifola
Planchonella samoensis,Falcataria moluccana
Agrostis halli,Avena barbata
Festuca rubra,Avena barbata
Agrostis halli,Avena barbata
Festuca rubra,Avena barbata
Agrostis halli,Avena barbata
Festuca rubra,Avena barbata
Nassella pulchra,Brachypodium distachyon
Nassella pulchra,Brachypodium distachyon
Nassella pulchra,Brachypodium distachyon
Nassella pulchra,Brachypodium distachyon
Nassella pulchra,Brachypodium distachyon
Nassella pulchra,Brachypodium distachyon
Quercus ilex,Acacia dealbata
Quercus ilex,Acacia dealbata
Eupatorium perfoliatum,Microstegium vimineum
Eupatorium perfoliatum,Microstegium vimineum
Selaginella densa,Agropyron cristatum
Selaginella densa,Agropyron cristatum
Acer rubrum,Rhamnus cathartica
Pascopyrum smithii,Bromus tectorum
Pascopyrum smithii,Bromus tectorum
Carya laciniosa,Lonicera maackii in
Carya laciniosa,Lonicera maackii in
Carya laciniosa,Lonicera maackii in
Carya laciniosa,Lonicera maackii in
Carya laciniosa,Lonicera maackii in
Carya laciniosa,Lonicera maackii in
Carya laciniosa,Lonicera maackii in
Carya laciniosa,Lonicera maackii in
Carya laciniosa,Lonicera maackii in
Fraxinus anustifola,Ailanthus altissima
Poplus alba,Robinia pseudoacacia
Fraxinus anustifola,Ailanthus altissima
Poplus alba,Robinia pseudoacacia
Fraxinus anustifola,Ailanthus altissima
Poplus alba,Robinia pseudoacacia
Retama raetam,Haloxylon persicum
Retama raetam,Haloxylon persicum
Retama raetam,Haloxylon persicum
Cynodon dactylon,Ambrosia artemisiifolia
Toxicodendron vernicifluu,Ambrosia artemisiifolia
Cynodon dactylon,Ambrosia artemisiifolia
Toxicodendron vernicifluu,Ambrosia artemisiifolia
Cynodon dactylon,Ambrosia artemisiifolia
Toxicodendron vernicifluu,Ambrosia artemisiifolia
Pinus pinaster,Acacia longifola
Acer rubrum,Microstegium vimineum
Panicum virgatum,Rhamnus davurica
Liriodendron tulipifera,Alianthus altissima
Cynodon dactylon,Arundo donax
Paspalum quadrifarium,Festuca arundinacea
Paspalum quadrifarium,Festuca arundinacea
Paspalum quadrifarium,Festuca arundinacea
Paspalum quadrifarium,Festuca arundinacea
Paspalum quadrifarium,Festuca arundinacea
Paspalum quadrifarium,Festuca arundinacea
Artemisia tridentata,Bromus tectorum
Artemisia tridentata,Bromus tectorum
Artemisia tridentata,Bromus tectorum
Quercus alba,Microstegium vimineum
Quercus alba,Microstegium vimineum
Quercus alba,Microstegium vimineum
Quercus alba,Microstegium vimineum
Acrachne racemosa,Parthenium hysterophorus
Acrachne racemosa,Parthenium hysterophorus
Acrachne racemosa,Parthenium hysterophorus
Phragmites australis,Spartina alterniflora
Cyperus malaccensis,Spartina alterniflora
